deal_slug,target_name,cik,winning_acquirer,deal_outcome,consideration_type,DateAnnounced,DateEffective,filing_type,URL,row_seq,event_id,event_type,bid_note,cycle_id,actor_id,BidderName,actor_type,bidder_subtype,lifecycle_status,participation_role,actor_notes,event_date,date_precision,round_id,bid_value_pershare,bid_value_lower,bid_value_upper,all_cash,event_consideration_type,cshoc,bid_type,bid_classification_rule,bid_classification_confidence,initiation,formal_boundary_event,source_text_short,raw_note,deal_notes,reviewer_note,needs_review,flag_approximate_date,flag_missing_nda,flag_unresolved_lifecycle,flag_anonymous_mapping,comments_1,comments_2
imprivata,"Imprivata, Inc.",0001328015,Thoma Bravo,completed,all_cash,2016-07-13,,DEFM14A,https://www.sec.gov/Archives/edgar/data/1328015/000119312516677939/d226798ddefm14a.htm,1,imp_e01,bidder_interest,Bidder Interest,imp_c1,imprivata/thoma-bravo,Thoma Bravo,bidder,financial,winner,bidder,,2015-06-15,approximate,,,,,,,,,,,bidder_driven,imp_e26,"In early 2015, and again in June 2015, representatives of Thoma Bravo informally approached and had brief meetings with…",Filing describes early 2015 and June 2015 meetings; using June 2015 as approximate date,,Date is approximate.,true,true,false,false,false,,
imprivata,"Imprivata, Inc.",0001328015,Thoma Bravo,completed,all_cash,2016-07-13,,DEFM14A,https://www.sec.gov/Archives/edgar/data/1328015/000119312516677939/d226798ddefm14a.htm,2,imp_e02,bidder_interest,Bidder Interest,imp_c1,imprivata/thoma-bravo,Thoma Bravo,bidder,financial,winner,bidder,,2016-01-15,approximate,,,,,,,,,,,bidder_driven,imp_e26,"In January 2016, representatives of Thoma Bravo met with members of Company management during an industry conference an…",Filing says January 2016; using mid-month as approximate date,,Date is approximate.,true,true,false,false,false,,
imprivata,"Imprivata, Inc.",0001328015,Thoma Bravo,completed,all_cash,2016-07-13,,DEFM14A,https://www.sec.gov/Archives/edgar/data/1328015/000119312516677939/d226798ddefm14a.htm,3,imp_e03,bidder_sale,Bidder Sale,imp_c1,imprivata/thoma-bravo,Thoma Bravo,bidder,financial,winner,initiator,,2016-03-09,exact,,,,,,,,,,,bidder_driven,imp_e26,"On March 9, 2016, Thoma Bravo sent an unsolicited, non-binding indication of interest letter addressed to the Board ind…",,,,true,false,false,false,false,,
imprivata,"Imprivata, Inc.",0001328015,Thoma Bravo,completed,all_cash,2016-07-13,,DEFM14A,https://www.sec.gov/Archives/edgar/data/1328015/000119312516677939/d226798ddefm14a.htm,4,imp_e04,proposal,,imp_c1,imprivata/thoma-bravo,Thoma Bravo,bidder,financial,winner,bidder,,2016-03-09,exact,,15.0,15.0,15.0,1,cash,,Informal,indication_or_range,high,bidder_driven,imp_e26,"On March 9, 2016, Thoma Bravo sent an unsolicited, non-binding indication of interest letter addressed to the Board ind…",,,,true,false,false,false,false,,
imprivata,"Imprivata, Inc.",0001328015,Thoma Bravo,completed,all_cash,2016-07-13,,DEFM14A,https://www.sec.gov/Archives/edgar/data/1328015/000119312516677939/d226798ddefm14a.htm,5,imp_e05,ib_retention,IB,imp_c1,imprivata/barclays,Barclays,advisor,,advisor,advisor,Company financial advisor,2016-04-15,exact,,,,,,,,,,,bidder_driven,imp_e26,The Board engaged Barclays as the Company's financial advisor to assist the Board in its evaluation of Thoma Bravo's in…,,,,true,false,false,false,false,,
imprivata,"Imprivata, Inc.",0001328015,Thoma Bravo,completed,all_cash,2016-07-13,,DEFM14A,https://www.sec.gov/Archives/edgar/data/1328015/000119312516677939/d226798ddefm14a.htm,6,imp_e06,target_sale,Target Sale,imp_c1,imprivata/special-committee,Special Committee,target_board,,advisor,decision_maker,"Independent directors: David Barrett, Paul Maeder, Kate Walsh, Jack Blaeser, Dr. John Halamka, Rodger Weismann",2016-05-05,exact,,,,,,,,,,,bidder_driven,imp_e26,"Based on the benefits and risks discussed at this meeting and the previous Board meeting, the Board determined, based o…",,,,true,false,false,false,false,,
imprivata,"Imprivata, Inc.",0001328015,Thoma Bravo,completed,all_cash,2016-07-13,,DEFM14A,https://www.sec.gov/Archives/edgar/data/1328015/000119312516677939/d226798ddefm14a.htm,7,imp_e07,nda,NDA,imp_c1,imprivata/thoma-bravo,Thoma Bravo,bidder,financial,winner,bidder,,2016-05-10,exact,,,,,,,,,,,bidder_driven,imp_e26,"Of the parties contacted, three strategic parties and four financial sponsors executed confidentiality agreements with …",,,,true,false,false,false,false,,
imprivata,"Imprivata, Inc.",0001328015,Thoma Bravo,completed,all_cash,2016-07-13,,DEFM14A,https://www.sec.gov/Archives/edgar/data/1328015/000119312516677939/d226798ddefm14a.htm,8,imp_e11,nda,NDA,imp_c1,imprivata/sponsor_a,Sponsor A,bidder,financial,dropped,bidder,,2016-05-15,approximate,,,,,,,,,,,bidder_driven,imp_e26,"Of the parties contacted, three strategic parties and four financial sponsors executed confidentiality agreements with …",Sponsor A; exact date not stated,,Date is approximate.,true,true,false,false,false,,
imprivata,"Imprivata, Inc.",0001328015,Thoma Bravo,completed,all_cash,2016-07-13,,DEFM14A,https://www.sec.gov/Archives/edgar/data/1328015/000119312516677939/d226798ddefm14a.htm,9,imp_e12,nda,NDA,imp_c1,imprivata/sponsor_b,Sponsor B,bidder,financial,dropped,bidder,,2016-05-15,approximate,,,,,,,,,,,bidder_driven,imp_e26,"Of the parties contacted, three strategic parties and four financial sponsors executed confidentiality agreements with …",Sponsor B; exact date not stated,,Date is approximate.,true,true,false,false,false,,
imprivata,"Imprivata, Inc.",0001328015,Thoma Bravo,completed,all_cash,2016-07-13,,DEFM14A,https://www.sec.gov/Archives/edgar/data/1328015/000119312516677939/d226798ddefm14a.htm,10,imp_e08,nda,NDA,imp_c1,imprivata/strategic_1,Strategic 1,bidder,strategic,dropped,bidder,telecommunications enterprise company,2016-05-15,approximate,,,,,,,,,,,bidder_driven,imp_e26,"Of the parties contacted, three strategic parties and four financial sponsors executed confidentiality agreements with …",Strategic 1; exact date not stated; executed during May 6-June 9 period,,Date is approximate.,true,true,false,false,false,,
imprivata,"Imprivata, Inc.",0001328015,Thoma Bravo,completed,all_cash,2016-07-13,,DEFM14A,https://www.sec.gov/Archives/edgar/data/1328015/000119312516677939/d226798ddefm14a.htm,11,imp_e09,nda,NDA,imp_c1,imprivata/strategic_2,Strategic 2,bidder,strategic,dropped,bidder,large software company,2016-05-15,approximate,,,,,,,,,,,bidder_driven,imp_e26,"Of the parties contacted, three strategic parties and four financial sponsors executed confidentiality agreements with …",Strategic 2; exact date not stated,,Date is approximate.,true,true,false,false,false,,
imprivata,"Imprivata, Inc.",0001328015,Thoma Bravo,completed,all_cash,2016-07-13,,DEFM14A,https://www.sec.gov/Archives/edgar/data/1328015/000119312516677939/d226798ddefm14a.htm,12,imp_e10,nda,NDA,imp_c1,imprivata/strategic_3,Strategic 3,bidder,strategic,dropped,bidder,large software company,2016-05-15,approximate,,,,,,,,,,,bidder_driven,imp_e26,"Of the parties contacted, three strategic parties and four financial sponsors executed confidentiality agreements with …",Strategic 3; exact date not stated,,Date is approximate.,true,true,false,false,false,,
imprivata,"Imprivata, Inc.",0001328015,Thoma Bravo,completed,all_cash,2016-07-13,,DEFM14A,https://www.sec.gov/Archives/edgar/data/1328015/000119312516677939/d226798ddefm14a.htm,13,imp_e13,nda,NDA,imp_c1,imprivata/unnamed_1,unnamed financial sponsor (declined post-NDA),bidder,financial,dropped,bidder,One financial sponsor that declined interest shortly after executing confidentiality agreement; not individually identified,2016-05-15,approximate,,,,,,,,,,,bidder_driven,imp_e26,"Of the parties contacted, three strategic parties and four financial sponsors executed confidentiality agreements with …",Unnamed financial sponsor; declined shortly after signing; exact date not stated,,"Date is approximate. Anonymous actor, cannot map to named entity.",true,true,false,false,true,,
imprivata,"Imprivata, Inc.",0001328015,Thoma Bravo,completed,all_cash,2016-07-13,,DEFM14A,https://www.sec.gov/Archives/edgar/data/1328015/000119312516677939/d226798ddefm14a.htm,14,imp_e25,drop,Drop,imp_c1,imprivata/unnamed_1,unnamed financial sponsor (declined post-NDA),bidder,financial,dropped,bidder,One financial sponsor that declined interest shortly after executing confidentiality agreement; not individually identified,2016-05-15,approximate,,,,,,,,,,,bidder_driven,imp_e26,"Except for one financial sponsor that declined interest shortly after executing its confidentiality agreement, each par…",Unnamed financial sponsor declined interest shortly after signing NDA; exact date not stated,,"Date is approximate. Anonymous actor, cannot map to named entity.",true,true,false,false,true,,
imprivata,"Imprivata, Inc.",0001328015,Thoma Bravo,completed,all_cash,2016-07-13,,DEFM14A,https://www.sec.gov/Archives/edgar/data/1328015/000119312516677939/d226798ddefm14a.htm,15,imp_e14,final_round_inf_ann,Final Round Inf Ann,imp_c1,imprivata/barclays,Barclays,advisor,,advisor,advisor,Company financial advisor,2016-06-03,exact,imp_r1,,,,,,,,,,bidder_driven,imp_e26,"On June 3, 2016, Barclays distributed a bid instruction letter on behalf of the Company to the six parties that had exe…",,,,true,false,false,false,false,,
imprivata,"Imprivata, Inc.",0001328015,Thoma Bravo,completed,all_cash,2016-07-13,,DEFM14A,https://www.sec.gov/Archives/edgar/data/1328015/000119312516677939/d226798ddefm14a.htm,16,imp_e14,final_round_inf_ann,Final Round Inf Ann,imp_c1,imprivata/special-committee,Special Committee,target_board,,advisor,decision_maker,"Independent directors: David Barrett, Paul Maeder, Kate Walsh, Jack Blaeser, Dr. John Halamka, Rodger Weismann",2016-06-03,exact,imp_r1,,,,,,,,,,bidder_driven,imp_e26,"On June 3, 2016, Barclays distributed a bid instruction letter on behalf of the Company to the six parties that had exe…",,,,true,false,false,false,false,,
imprivata,"Imprivata, Inc.",0001328015,Thoma Bravo,completed,all_cash,2016-07-13,,DEFM14A,https://www.sec.gov/Archives/edgar/data/1328015/000119312516677939/d226798ddefm14a.htm,17,imp_e16,drop,Drop,imp_c1,imprivata/strategic_1,Strategic 1,bidder,strategic,dropped,bidder,telecommunications enterprise company,2016-06-08,exact,imp_r1,,,,,,,,,,bidder_driven,imp_e26,"On June 8, 2016, Strategic 1 informed Barclays that after further internal consideration, an acquisition of the Company…",,,,true,false,false,false,false,,
imprivata,"Imprivata, Inc.",0001328015,Thoma Bravo,completed,all_cash,2016-07-13,,DEFM14A,https://www.sec.gov/Archives/edgar/data/1328015/000119312516677939/d226798ddefm14a.htm,18,imp_e15,final_round_inf,Final Round Inf,imp_c1,,,,,,,,2016-06-09,exact,imp_r1,,,,,,,,,,bidder_driven,imp_e26,"The letter indicated a deadline for submitting indications of interest by June 9, 2016",,,,true,false,false,false,false,,
imprivata,"Imprivata, Inc.",0001328015,Thoma Bravo,completed,all_cash,2016-07-13,,DEFM14A,https://www.sec.gov/Archives/edgar/data/1328015/000119312516677939/d226798ddefm14a.htm,19,imp_e17,proposal,,imp_c1,imprivata/sponsor_a,Sponsor A,bidder,financial,dropped,bidder,,2016-06-09,exact,,16.5,16.5,16.5,1,cash,,Informal,indication_or_range,high,bidder_driven,imp_e26,"On June 9, 2016, three parties (Sponsor A, Sponsor B and Thoma Bravo) presented written preliminary non-binding indicat…",,,,true,false,false,false,false,,
imprivata,"Imprivata, Inc.",0001328015,Thoma Bravo,completed,all_cash,2016-07-13,,DEFM14A,https://www.sec.gov/Archives/edgar/data/1328015/000119312516677939/d226798ddefm14a.htm,20,imp_e19,proposal,,imp_c1,imprivata/sponsor_b,Sponsor B,bidder,financial,dropped,bidder,,2016-06-09,exact,,17.5,17.0,18.0,1,cash,,Informal,indication_or_range,high,bidder_driven,imp_e26,Sponsor B indicated a range of $17.00 - $18.00 per share.,,,,true,false,false,false,false,,
imprivata,"Imprivata, Inc.",0001328015,Thoma Bravo,completed,all_cash,2016-07-13,,DEFM14A,https://www.sec.gov/Archives/edgar/data/1328015/000119312516677939/d226798ddefm14a.htm,21,imp_e18,proposal,,imp_c1,imprivata/thoma-bravo,Thoma Bravo,bidder,financial,winner,bidder,,2016-06-09,exact,,17.25,17.25,17.25,1,cash,,Formal,merger_agreement_draft,high,bidder_driven,imp_e26,"Thoma Bravo indicated a price of $17.25 per share, and also provided a form of equity commitment letter and draft merge…",,,,true,false,false,false,false,,
imprivata,"Imprivata, Inc.",0001328015,Thoma Bravo,completed,all_cash,2016-07-13,,DEFM14A,https://www.sec.gov/Archives/edgar/data/1328015/000119312516677939/d226798ddefm14a.htm,22,imp_e20,drop,Drop,imp_c1,imprivata/strategic_2,Strategic 2,bidder,strategic,dropped,bidder,large software company,2016-06-12,exact,,,,,,,,,,,bidder_driven,imp_e26,"On June 12, 2016, Strategic 2 informed representatives of Barclays that because of other internal corporate priorities,…",,,,true,false,false,false,false,,
imprivata,"Imprivata, Inc.",0001328015,Thoma Bravo,completed,all_cash,2016-07-13,,DEFM14A,https://www.sec.gov/Archives/edgar/data/1328015/000119312516677939/d226798ddefm14a.htm,23,imp_e21,drop,Drop,imp_c1,imprivata/strategic_3,Strategic 3,bidder,strategic,dropped,bidder,large software company,2016-06-14,exact,,,,,,,,,,,bidder_driven,imp_e26,"On June 14, 2016, Strategic 3 informed representatives of Barclays that because of its internal focus on other corporat…",,,,true,false,false,false,false,,
imprivata,"Imprivata, Inc.",0001328015,Thoma Bravo,completed,all_cash,2016-07-13,,DEFM14A,https://www.sec.gov/Archives/edgar/data/1328015/000119312516677939/d226798ddefm14a.htm,24,imp_e22,drop,Drop,imp_c1,imprivata/sponsor_a,Sponsor A,bidder,financial,dropped,bidder,,2016-06-15,exact,,,,,,,,,,,bidder_driven,imp_e26,"On June 15, 2016, Sponsor A informed Barclays that in light of its view of the Company after its diligence, if it were …",Implicit dropout: Sponsor A indicated it would not meaningfully improve bid; no explicit withdrawal statement; no further discussions,,,true,false,false,false,false,,
imprivata,"Imprivata, Inc.",0001328015,Thoma Bravo,completed,all_cash,2016-07-13,,DEFM14A,https://www.sec.gov/Archives/edgar/data/1328015/000119312516677939/d226798ddefm14a.htm,25,imp_e23,drop,Drop,imp_c1,imprivata/strategic_4,Strategic 4,bidder,strategic,dropped,bidder,enterprise software company,2016-06-23,exact,,,,,,,,,,,bidder_driven,imp_e26,"On June 23, 2016, Strategic 4 informed Barclays that an acquisition of the Company would not be a strategic fit for it …",,,Bidder has no NDA event.,true,false,true,false,false,,
imprivata,"Imprivata, Inc.",0001328015,Thoma Bravo,completed,all_cash,2016-07-13,,DEFM14A,https://www.sec.gov/Archives/edgar/data/1328015/000119312516677939/d226798ddefm14a.htm,26,imp_e26,final_round_ann,Final Round Ann,imp_c1,imprivata/barclays,Barclays,advisor,,advisor,advisor,Company financial advisor,2016-06-24,exact,imp_r2,,,,,,,,,,bidder_driven,imp_e26,"Later on June 24, 2016, Barclays sent final bid process letters to Sponsor B and Thoma Bravo, requesting marked drafts …",,,,true,false,false,false,false,,
imprivata,"Imprivata, Inc.",0001328015,Thoma Bravo,completed,all_cash,2016-07-13,,DEFM14A,https://www.sec.gov/Archives/edgar/data/1328015/000119312516677939/d226798ddefm14a.htm,27,imp_e26,final_round_ann,Final Round Ann,imp_c1,imprivata/special-committee,Special Committee,target_board,,advisor,decision_maker,"Independent directors: David Barrett, Paul Maeder, Kate Walsh, Jack Blaeser, Dr. John Halamka, Rodger Weismann",2016-06-24,exact,imp_r2,,,,,,,,,,bidder_driven,imp_e26,"Later on June 24, 2016, Barclays sent final bid process letters to Sponsor B and Thoma Bravo, requesting marked drafts …",,,,true,false,false,false,false,,
imprivata,"Imprivata, Inc.",0001328015,Thoma Bravo,completed,all_cash,2016-07-13,,DEFM14A,https://www.sec.gov/Archives/edgar/data/1328015/000119312516677939/d226798ddefm14a.htm,28,imp_e24,drop,Drop,imp_c1,imprivata/sponsor_b,Sponsor B,bidder,financial,dropped,bidder,,2016-06-29,exact,imp_r2,,,,,,,,,,bidder_driven,imp_e26,"On June 29, 2016, Sponsor B informed Barclays that in light of its revised views on the Company's growth outlook, if it…",Implicit dropout: Sponsor B indicated final bid would be significantly below June 9 bid; no explicit withdrawal; no further discussions,,,true,false,false,false,false,,
imprivata,"Imprivata, Inc.",0001328015,Thoma Bravo,completed,all_cash,2016-07-13,,DEFM14A,https://www.sec.gov/Archives/edgar/data/1328015/000119312516677939/d226798ddefm14a.htm,29,imp_e27,final_round,Final Round,imp_c1,,,,,,,,2016-07-08,exact,imp_r2,,,,,,,,,,bidder_driven,imp_e26,"Later on June 24, 2016, Barclays sent final bid process letters to Sponsor B and Thoma Bravo, requesting marked drafts …",,,,true,false,false,false,false,,
imprivata,"Imprivata, Inc.",0001328015,Thoma Bravo,completed,all_cash,2016-07-13,,DEFM14A,https://www.sec.gov/Archives/edgar/data/1328015/000119312516677939/d226798ddefm14a.htm,30,imp_e28,proposal,,imp_c1,imprivata/thoma-bravo,Thoma Bravo,bidder,financial,winner,bidder,,2016-07-08,exact,,19.0,19.0,19.0,1,cash,,Formal,post_final_round_announcement,high,bidder_driven,imp_e26,"On July 8, 2016, the date by which Sponsor B and Thoma Bravo had been invited to submit their final bids, only Thoma Br…",,,,true,false,false,false,false,,
imprivata,"Imprivata, Inc.",0001328015,Thoma Bravo,completed,all_cash,2016-07-13,,DEFM14A,https://www.sec.gov/Archives/edgar/data/1328015/000119312516677939/d226798ddefm14a.htm,31,imp_e29,proposal,,imp_c1,imprivata/thoma-bravo,Thoma Bravo,bidder,financial,winner,bidder,,2016-07-09,exact,,19.25,19.25,19.25,1,cash,,Formal,post_final_round_announcement,high,bidder_driven,imp_e26,"Later on July 9, 2016, Barclays received a revised written, non-binding proposal from Thoma Bravo setting forth its bes…",,,,true,false,false,false,false,,
imprivata,"Imprivata, Inc.",0001328015,Thoma Bravo,completed,all_cash,2016-07-13,,DEFM14A,https://www.sec.gov/Archives/edgar/data/1328015/000119312516677939/d226798ddefm14a.htm,32,imp_e31,bid_press_release,Bid Press Release,imp_c1,imprivata/thoma-bravo,Thoma Bravo,bidder,financial,winner,bidder,,2016-07-13,exact,,,,,,,,,,,bidder_driven,imp_e26,"Later on July 13, 2016, before the stock market opened, the Company and Thoma Bravo issued a joint press release announ…",,,,true,false,false,false,false,,
imprivata,"Imprivata, Inc.",0001328015,Thoma Bravo,completed,all_cash,2016-07-13,,DEFM14A,https://www.sec.gov/Archives/edgar/data/1328015/000119312516677939/d226798ddefm14a.htm,33,imp_e30,executed,Executed,imp_c1,imprivata/thoma-bravo,Thoma Bravo,bidder,financial,winner,bidder,,2016-07-13,exact,,,,,,,,,,,bidder_driven,imp_e26,"On July 13, 2016, before the stock market opened, the parties finalized and executed the merger agreement and received …",,,,true,false,false,false,false,,
medivation,"Medivation, Inc.",1011835,Pfizer,completed,all_cash,2016-08-22,,SC 14D-9,https://www.sec.gov/Archives/edgar/data/1011835/000119312516696911/d234696dsc14d9.htm,1,med_e01,bidder_interest,Bidder Interest,medivation_c1,medivation/sanofi,Sanofi,bidder,strategic,dropped,bidder,,2016-03-22,exact,,,,,,,,,,,bidder_driven,med_e31,"On March 22, 2016, Olivier Brandicourt, Chief Executive Officer of Sanofi, contacted David Hung, M.D., President and Ch…",,,,true,false,false,false,false,,
medivation,"Medivation, Inc.",1011835,Pfizer,completed,all_cash,2016-08-22,,SC 14D-9,https://www.sec.gov/Archives/edgar/data/1011835/000119312516696911/d234696dsc14d9.htm,2,med_e02,ib_retention,IB,medivation_c1,medivation/jp-morgan,J.P. Morgan Securities LLC,advisor,,advisor,advisor,Target financial advisor,2016-03-24,exact,,,,,,,,,,,bidder_driven,med_e31,"On March 24, 2016, the Medivation board of directors held a special meeting attended by management of Medivation and re…",,,,true,false,false,false,false,,
medivation,"Medivation, Inc.",1011835,Pfizer,completed,all_cash,2016-08-22,,SC 14D-9,https://www.sec.gov/Archives/edgar/data/1011835/000119312516696911/d234696dsc14d9.htm,3,med_e03,bidder_interest,Bidder Interest,medivation_c1,medivation/sanofi,Sanofi,bidder,strategic,dropped,bidder,,2016-03-25,exact,,,,,,,,,,,bidder_driven,med_e31,"On March 25, 2016, Drs. Brandicourt and Hung had an initial telephone discussion during which Dr. Brandicourt expressed…",,,,true,false,false,false,false,,
medivation,"Medivation, Inc.",1011835,Pfizer,completed,all_cash,2016-08-22,,SC 14D-9,https://www.sec.gov/Archives/edgar/data/1011835/000119312516696911/d234696dsc14d9.htm,4,med_e04,bidder_sale,Bidder Sale,medivation_c1,medivation/sanofi,Sanofi,bidder,strategic,dropped,initiator,,2016-04-15,exact,,,,,,,,,,,bidder_driven,med_e31,"On April 15, 2016, Dr. Hung received an unsolicited letter, dated April 13, 2016, from Dr. Brandicourt, setting forth a…",,,,true,false,false,false,false,,
medivation,"Medivation, Inc.",1011835,Pfizer,completed,all_cash,2016-08-22,,SC 14D-9,https://www.sec.gov/Archives/edgar/data/1011835/000119312516696911/d234696dsc14d9.htm,5,med_e05,proposal,,medivation_c1,medivation/sanofi,Sanofi,bidder,strategic,dropped,bidder,,2016-04-15,exact,,52.5,52.5,52.5,1,cash,,Informal,indication_or_range,medium,bidder_driven,med_e31,"On April 15, 2016, Dr. Hung received an unsolicited letter, dated April 13, 2016, from Dr. Brandicourt, setting forth a…",,,,true,false,false,false,false,,
medivation,"Medivation, Inc.",1011835,Pfizer,completed,all_cash,2016-08-22,,SC 14D-9,https://www.sec.gov/Archives/edgar/data/1011835/000119312516696911/d234696dsc14d9.htm,6,med_e06,bidder_interest,Bidder Interest,medivation_c1,medivation/pfizer,Pfizer,bidder,strategic,winner,bidder,,2016-04-20,exact,,,,,,,,,,,bidder_driven,med_e31,"On April 20, 2016, Douglas Giordano, Senior Vice President, Worldwide Business Development at Pfizer contacted Dr. Hung…",,,,true,false,false,false,false,,
medivation,"Medivation, Inc.",1011835,Pfizer,completed,all_cash,2016-08-22,,SC 14D-9,https://www.sec.gov/Archives/edgar/data/1011835/000119312516696911/d234696dsc14d9.htm,7,med_e07,ib_retention,IB,medivation_c1,medivation/evercore,Evercore Group L.L.C.,advisor,,advisor,advisor,Target financial advisor,2016-04-22,exact,,,,,,,,,,,bidder_driven,med_e31,"On April 22, 2016, the Medivation board of directors held a regular meeting at which, among other topics, the Medivatio…",,,,true,false,false,false,false,,
medivation,"Medivation, Inc.",1011835,Pfizer,completed,all_cash,2016-08-22,,SC 14D-9,https://www.sec.gov/Archives/edgar/data/1011835/000119312516696911/d234696dsc14d9.htm,8,med_e08,bid_press_release,Bid Press Release,medivation_c1,medivation/sanofi,Sanofi,bidder,strategic,dropped,bidder,,2016-04-28,exact,,,,,,,,,,,bidder_driven,med_e31,"On April 28, 2016, Sanofi issued a press release publicly announcing Sanofi’s $52.50 proposal.",,,,true,false,false,false,false,,
medivation,"Medivation, Inc.",1011835,Pfizer,completed,all_cash,2016-08-22,,SC 14D-9,https://www.sec.gov/Archives/edgar/data/1011835/000119312516696911/d234696dsc14d9.htm,9,med_e09,bidder_interest,Bidder Interest,medivation_c1,medivation/pfizer,Pfizer,bidder,strategic,winner,bidder,,2016-05-02,exact,,,,,,,,,,,bidder_driven,med_e31,"On May 2, 2016, Mr. Giordano and Dr. Hung spoke by phone and Mr. Giordano expressed Pfizer’s continued interest in part…",,,,true,false,false,false,false,,
medivation,"Medivation, Inc.",1011835,Pfizer,completed,all_cash,2016-08-22,,SC 14D-9,https://www.sec.gov/Archives/edgar/data/1011835/000119312516696911/d234696dsc14d9.htm,10,med_e10,bidder_interest,Bidder Interest,medivation_c1,medivation/pfizer,Pfizer,bidder,strategic,winner,bidder,,2016-05-20,exact,,,,,,,,,,,bidder_driven,med_e31,"On May 20, 2016, Mr. Giordano contacted Dr. Hung by telephone. During that conversation, Mr. Giordano reiterated Pfizer…",,,,true,false,false,false,false,,
medivation,"Medivation, Inc.",1011835,Pfizer,completed,all_cash,2016-08-22,,SC 14D-9,https://www.sec.gov/Archives/edgar/data/1011835/000119312516696911/d234696dsc14d9.htm,11,med_e11,target_sale,Target Sale,medivation_c1,medivation/board,Medivation board of directors,target_board,,advisor,decision_maker,,2016-06-21,approximate,,,,,,,,,,,bidder_driven,med_e31,"receive appropriate value for their shares. In light of the foregoing, the Medivation board was of the view that it sho…","Board meetings establishing the controlled sale process occurred on June 21 and 22, 2016; recorded using the first meeting date.",,Date is approximate.,true,true,false,false,false,,
medivation,"Medivation, Inc.",1011835,Pfizer,completed,all_cash,2016-08-22,,SC 14D-9,https://www.sec.gov/Archives/edgar/data/1011835/000119312516696911/d234696dsc14d9.htm,12,med_e12,proposal,,medivation_c1,medivation/sanofi,Sanofi,bidder,strategic,dropped,bidder,,2016-06-27,exact,,59.5,58.0,61.0,,cash_plus_cvr,,Informal,indication_or_range,medium,bidder_driven,med_e31,"On June 27, 2016, Medivation received a private letter with an increased proposal from Sanofi of $58.00 per share in ca…",,,,true,false,false,false,false,,
medivation,"Medivation, Inc.",1011835,Pfizer,completed,all_cash,2016-08-22,,SC 14D-9,https://www.sec.gov/Archives/edgar/data/1011835/000119312516696911/d234696dsc14d9.htm,13,med_e13,nda,NDA,medivation_c1,medivation/pfizer,Pfizer,bidder,strategic,winner,bidder,,2016-06-29,exact,,,,,,,,,,,bidder_driven,med_e31,"On June 29, 2016, Medivation entered into confidentiality agreements with Pfizer and one additional party initially con…",,,,true,false,false,false,false,,
medivation,"Medivation, Inc.",1011835,Pfizer,completed,all_cash,2016-08-22,,SC 14D-9,https://www.sec.gov/Archives/edgar/data/1011835/000119312516696911/d234696dsc14d9.htm,14,med_e14,nda,NDA,medivation_c1,medivation/sanofi,Sanofi,bidder,strategic,dropped,bidder,,2016-07-05,exact,,,,,,,,,,,bidder_driven,med_e31,"On July 5, 2016, Medivation entered into a confidentiality agreement with Sanofi, pursuant to which Sanofi agreed to te…",,,,true,false,false,false,false,,
medivation,"Medivation, Inc.",1011835,Pfizer,completed,all_cash,2016-08-22,,SC 14D-9,https://www.sec.gov/Archives/edgar/data/1011835/000119312516696911/d234696dsc14d9.htm,15,med_e15,bidder_interest,Bidder Interest,medivation_c1,medivation/pfizer,Pfizer,bidder,strategic,winner,bidder,,2016-07-07,exact,,,,,,,,,,,bidder_driven,med_e31,"Also on July 7, 2016, Dr. Hung met with Ian Read, Chief Executive Officer of Pfizer, Dr. Mace Rothenberg, Chief Develop…",,,,true,false,false,false,false,,
medivation,"Medivation, Inc.",1011835,Pfizer,completed,all_cash,2016-08-22,,SC 14D-9,https://www.sec.gov/Archives/edgar/data/1011835/000119312516696911/d234696dsc14d9.htm,16,med_e16,nda,NDA,medivation_c1,medivation/company_1,Company 1,bidder,strategic,bid,bidder,One of the four non-Pfizer industry participants under NDA; exact identity not disclosed in the filing.,2016-07-13,approximate,,,,,,,,,,,bidder_driven,med_e31,"On July 13, Medivation entered into a confidentiality agreement with a fifth industry participant initially contacted b…","The filing identifies Company 1-4 as the four non-Pfizer NDA counterparties but does not map each label to the exact June 29, July 9, or July 13 signer date; recorded as of July 13 when all four labels are established.",,Date is approximate.,true,true,false,false,false,,
medivation,"Medivation, Inc.",1011835,Pfizer,completed,all_cash,2016-08-22,,SC 14D-9,https://www.sec.gov/Archives/edgar/data/1011835/000119312516696911/d234696dsc14d9.htm,17,med_e17,nda,NDA,medivation_c1,medivation/company_2,Company 2,bidder,strategic,bid,bidder,One of the four non-Pfizer industry participants under NDA; exact identity not disclosed in the filing.,2016-07-13,approximate,,,,,,,,,,,bidder_driven,med_e31,"On July 13, Medivation entered into a confidentiality agreement with a fifth industry participant initially contacted b…","The filing identifies Company 1-4 as the four non-Pfizer NDA counterparties but does not map each label to the exact June 29, July 9, or July 13 signer date; recorded as of July 13 when all four labels are established.",,Date is approximate.,true,true,false,false,false,,
medivation,"Medivation, Inc.",1011835,Pfizer,completed,all_cash,2016-08-22,,SC 14D-9,https://www.sec.gov/Archives/edgar/data/1011835/000119312516696911/d234696dsc14d9.htm,18,med_e18,nda,NDA,medivation_c1,medivation/company_3,Company 3,bidder,strategic,dropped,bidder,One of the four non-Pfizer industry participants under NDA; exact identity not disclosed in the filing.,2016-07-13,approximate,,,,,,,,,,,bidder_driven,med_e31,"On July 13, Medivation entered into a confidentiality agreement with a fifth industry participant initially contacted b…","The filing identifies Company 1-4 as the four non-Pfizer NDA counterparties but does not map each label to the exact June 29, July 9, or July 13 signer date; recorded as of July 13 when all four labels are established.",,Date is approximate.,true,true,false,false,false,,
medivation,"Medivation, Inc.",1011835,Pfizer,completed,all_cash,2016-08-22,,SC 14D-9,https://www.sec.gov/Archives/edgar/data/1011835/000119312516696911/d234696dsc14d9.htm,19,med_e19,nda,NDA,medivation_c1,medivation/company_4,Company 4,bidder,strategic,dropped,bidder,One of the four non-Pfizer industry participants under NDA; exact identity not disclosed in the filing.,2016-07-13,approximate,,,,,,,,,,,bidder_driven,med_e31,"On July 13, Medivation entered into a confidentiality agreement with a fifth industry participant initially contacted b…","The filing identifies Company 1-4 as the four non-Pfizer NDA counterparties but does not map each label to the exact June 29, July 9, or July 13 signer date; recorded as of July 13 when all four labels are established.",,Date is approximate.,true,true,false,false,false,,
medivation,"Medivation, Inc.",1011835,Pfizer,completed,all_cash,2016-08-22,,SC 14D-9,https://www.sec.gov/Archives/edgar/data/1011835/000119312516696911/d234696dsc14d9.htm,20,med_e20,final_round_inf_ann,Final Round Inf Ann,medivation_c1,medivation/company_1,Company 1,bidder,strategic,bid,bidder,One of the four non-Pfizer industry participants under NDA; exact identity not disclosed in the filing.,2016-07-19,approximate,medivation_r1,,,,,,,,,,bidder_driven,med_e31,"On July 19 and 20, 2016, representatives of J.P. Morgan and Evercore sent a letter to each of the Interested Parties wi…","The filing states that the preliminary bid instruction letters were sent on July 19 and 20, 2016; recorded using the first date with approximate precision.",,Date is approximate.,true,true,false,false,false,,
medivation,"Medivation, Inc.",1011835,Pfizer,completed,all_cash,2016-08-22,,SC 14D-9,https://www.sec.gov/Archives/edgar/data/1011835/000119312516696911/d234696dsc14d9.htm,21,med_e20,final_round_inf_ann,Final Round Inf Ann,medivation_c1,medivation/company_2,Company 2,bidder,strategic,bid,bidder,One of the four non-Pfizer industry participants under NDA; exact identity not disclosed in the filing.,2016-07-19,approximate,medivation_r1,,,,,,,,,,bidder_driven,med_e31,"On July 19 and 20, 2016, representatives of J.P. Morgan and Evercore sent a letter to each of the Interested Parties wi…","The filing states that the preliminary bid instruction letters were sent on July 19 and 20, 2016; recorded using the first date with approximate precision.",,Date is approximate.,true,true,false,false,false,,
medivation,"Medivation, Inc.",1011835,Pfizer,completed,all_cash,2016-08-22,,SC 14D-9,https://www.sec.gov/Archives/edgar/data/1011835/000119312516696911/d234696dsc14d9.htm,22,med_e20,final_round_inf_ann,Final Round Inf Ann,medivation_c1,medivation/company_3,Company 3,bidder,strategic,dropped,bidder,One of the four non-Pfizer industry participants under NDA; exact identity not disclosed in the filing.,2016-07-19,approximate,medivation_r1,,,,,,,,,,bidder_driven,med_e31,"On July 19 and 20, 2016, representatives of J.P. Morgan and Evercore sent a letter to each of the Interested Parties wi…","The filing states that the preliminary bid instruction letters were sent on July 19 and 20, 2016; recorded using the first date with approximate precision.",,Date is approximate.,true,true,false,false,false,,
medivation,"Medivation, Inc.",1011835,Pfizer,completed,all_cash,2016-08-22,,SC 14D-9,https://www.sec.gov/Archives/edgar/data/1011835/000119312516696911/d234696dsc14d9.htm,23,med_e20,final_round_inf_ann,Final Round Inf Ann,medivation_c1,medivation/company_4,Company 4,bidder,strategic,dropped,bidder,One of the four non-Pfizer industry participants under NDA; exact identity not disclosed in the filing.,2016-07-19,approximate,medivation_r1,,,,,,,,,,bidder_driven,med_e31,"On July 19 and 20, 2016, representatives of J.P. Morgan and Evercore sent a letter to each of the Interested Parties wi…","The filing states that the preliminary bid instruction letters were sent on July 19 and 20, 2016; recorded using the first date with approximate precision.",,Date is approximate.,true,true,false,false,false,,
medivation,"Medivation, Inc.",1011835,Pfizer,completed,all_cash,2016-08-22,,SC 14D-9,https://www.sec.gov/Archives/edgar/data/1011835/000119312516696911/d234696dsc14d9.htm,24,med_e20,final_round_inf_ann,Final Round Inf Ann,medivation_c1,medivation/pfizer,Pfizer,bidder,strategic,winner,bidder,,2016-07-19,approximate,medivation_r1,,,,,,,,,,bidder_driven,med_e31,"On July 19 and 20, 2016, representatives of J.P. Morgan and Evercore sent a letter to each of the Interested Parties wi…","The filing states that the preliminary bid instruction letters were sent on July 19 and 20, 2016; recorded using the first date with approximate precision.",,Date is approximate.,true,true,false,false,false,,
medivation,"Medivation, Inc.",1011835,Pfizer,completed,all_cash,2016-08-22,,SC 14D-9,https://www.sec.gov/Archives/edgar/data/1011835/000119312516696911/d234696dsc14d9.htm,25,med_e21,final_round_inf,Final Round Inf,medivation_c1,,,,,,,,2016-08-08,exact,medivation_r1,,,,,,,,,,bidder_driven,med_e31,"a letter to each of the Interested Parties with guidelines for the Interested Party to submit a written, non-binding pr…",,,,true,false,false,false,false,,
medivation,"Medivation, Inc.",1011835,Pfizer,completed,all_cash,2016-08-22,,SC 14D-9,https://www.sec.gov/Archives/edgar/data/1011835/000119312516696911/d234696dsc14d9.htm,26,med_e23,proposal,,medivation_c1,medivation/company_1,Company 1,bidder,strategic,bid,bidder,One of the four non-Pfizer industry participants under NDA; exact identity not disclosed in the filing.,2016-08-08,exact,,71.0,71.0,71.0,1,cash,,Informal,indication_or_range,medium,bidder_driven,med_e31,"On August 8, 2016, each of the Interested Parties submitted non-binding written preliminary proposals for the acquisiti…",,,,true,false,false,false,false,,
medivation,"Medivation, Inc.",1011835,Pfizer,completed,all_cash,2016-08-22,,SC 14D-9,https://www.sec.gov/Archives/edgar/data/1011835/000119312516696911/d234696dsc14d9.htm,27,med_e24,proposal,,medivation_c1,medivation/company_2,Company 2,bidder,strategic,bid,bidder,One of the four non-Pfizer industry participants under NDA; exact identity not disclosed in the filing.,2016-08-08,exact,,63.0,62.0,64.0,1,cash,,Informal,indication_or_range,medium,bidder_driven,med_e31,"On August 8, 2016, each of the Interested Parties submitted non-binding written preliminary proposals for the acquisiti…",,,,true,false,false,false,false,,
medivation,"Medivation, Inc.",1011835,Pfizer,completed,all_cash,2016-08-22,,SC 14D-9,https://www.sec.gov/Archives/edgar/data/1011835/000119312516696911/d234696dsc14d9.htm,28,med_e25,proposal,,medivation_c1,medivation/company_3,Company 3,bidder,strategic,dropped,bidder,One of the four non-Pfizer industry participants under NDA; exact identity not disclosed in the filing.,2016-08-08,exact,,65.0,60.0,70.0,,cash_plus_cvr,,Informal,indication_or_range,medium,bidder_driven,med_e31,"On August 8, 2016, each of the Interested Parties submitted non-binding written preliminary proposals for the acquisiti…",,,,true,false,false,false,false,,
medivation,"Medivation, Inc.",1011835,Pfizer,completed,all_cash,2016-08-22,,SC 14D-9,https://www.sec.gov/Archives/edgar/data/1011835/000119312516696911/d234696dsc14d9.htm,29,med_e26,proposal,,medivation_c1,medivation/company_4,Company 4,bidder,strategic,dropped,bidder,One of the four non-Pfizer industry participants under NDA; exact identity not disclosed in the filing.,2016-08-08,exact,,65.5,63.0,68.0,,cash_plus_cvr,,Informal,indication_or_range,medium,bidder_driven,med_e31,"On August 8, 2016, each of the Interested Parties submitted non-binding written preliminary proposals for the acquisiti…",,,,true,false,false,false,false,,
medivation,"Medivation, Inc.",1011835,Pfizer,completed,all_cash,2016-08-22,,SC 14D-9,https://www.sec.gov/Archives/edgar/data/1011835/000119312516696911/d234696dsc14d9.htm,30,med_e22,proposal,,medivation_c1,medivation/pfizer,Pfizer,bidder,strategic,winner,bidder,,2016-08-08,exact,,65.0,65.0,65.0,1,cash,,Informal,indication_or_range,medium,bidder_driven,med_e31,"On August 8, 2016, each of the Interested Parties submitted non-binding written preliminary proposals for the acquisiti…",,,,true,false,false,false,false,,
medivation,"Medivation, Inc.",1011835,Pfizer,completed,all_cash,2016-08-22,,SC 14D-9,https://www.sec.gov/Archives/edgar/data/1011835/000119312516696911/d234696dsc14d9.htm,31,med_e27,drop_target,DropTarget,medivation_c1,medivation/company_2,Company 2,bidder,strategic,bid,bidder,One of the four non-Pfizer industry participants under NDA; exact identity not disclosed in the filing.,2016-08-11,exact,,,,,,,,,,,bidder_driven,med_e31,"Medivation’s financial advisors distributed a draft merger agreement to Pfizer, Company 1, and Company 4. Later that da…",,,,true,false,false,false,false,,
medivation,"Medivation, Inc.",1011835,Pfizer,completed,all_cash,2016-08-22,,SC 14D-9,https://www.sec.gov/Archives/edgar/data/1011835/000119312516696911/d234696dsc14d9.htm,32,med_e28,drop_target,DropTarget,medivation_c1,medivation/company_3,Company 3,bidder,strategic,dropped,bidder,One of the four non-Pfizer industry participants under NDA; exact identity not disclosed in the filing.,2016-08-11,exact,,,,,,,,,,,bidder_driven,med_e31,"Medivation’s financial advisors distributed a draft merger agreement to Pfizer, Company 1, and Company 4. Later that da…",,,,true,false,false,false,false,,
medivation,"Medivation, Inc.",1011835,Pfizer,completed,all_cash,2016-08-22,,SC 14D-9,https://www.sec.gov/Archives/edgar/data/1011835/000119312516696911/d234696dsc14d9.htm,33,med_e29,proposal,,medivation_c1,medivation/company_2,Company 2,bidder,strategic,bid,bidder,One of the four non-Pfizer industry participants under NDA; exact identity not disclosed in the filing.,2016-08-12,exact,,70.0,70.0,70.0,1,cash,,Informal,indication_or_range,medium,bidder_driven,med_e31,"On August 12, 2016, Company 2 and Company 3 submitted written revised proposals for an all-cash acquisition of Medivati…",,,,true,false,false,false,false,,
medivation,"Medivation, Inc.",1011835,Pfizer,completed,all_cash,2016-08-22,,SC 14D-9,https://www.sec.gov/Archives/edgar/data/1011835/000119312516696911/d234696dsc14d9.htm,34,med_e30,proposal,,medivation_c1,medivation/company_3,Company 3,bidder,strategic,dropped,bidder,One of the four non-Pfizer industry participants under NDA; exact identity not disclosed in the filing.,2016-08-12,exact,,70.5,70.5,70.5,1,cash,,Informal,indication_or_range,medium,bidder_driven,med_e31,"On August 12, 2016, Company 2 and Company 3 submitted written revised proposals for an all-cash acquisition of Medivati…",,,,true,false,false,false,false,,
medivation,"Medivation, Inc.",1011835,Pfizer,completed,all_cash,2016-08-22,,SC 14D-9,https://www.sec.gov/Archives/edgar/data/1011835/000119312516696911/d234696dsc14d9.htm,35,med_e31,final_round_ann,Final Round Ann,medivation_c1,medivation/company_1,Company 1,bidder,strategic,bid,bidder,One of the four non-Pfizer industry participants under NDA; exact identity not disclosed in the filing.,2016-08-14,exact,medivation_r2,,,,,,,,,,bidder_driven,med_e31,"On August 14, 2016, J.P. Morgan and Evercore sent a written instruction letter to each Interested Party, requiring a de…",,,,true,false,false,false,false,,
medivation,"Medivation, Inc.",1011835,Pfizer,completed,all_cash,2016-08-22,,SC 14D-9,https://www.sec.gov/Archives/edgar/data/1011835/000119312516696911/d234696dsc14d9.htm,36,med_e31,final_round_ann,Final Round Ann,medivation_c1,medivation/company_2,Company 2,bidder,strategic,bid,bidder,One of the four non-Pfizer industry participants under NDA; exact identity not disclosed in the filing.,2016-08-14,exact,medivation_r2,,,,,,,,,,bidder_driven,med_e31,"On August 14, 2016, J.P. Morgan and Evercore sent a written instruction letter to each Interested Party, requiring a de…",,,,true,false,false,false,false,,
medivation,"Medivation, Inc.",1011835,Pfizer,completed,all_cash,2016-08-22,,SC 14D-9,https://www.sec.gov/Archives/edgar/data/1011835/000119312516696911/d234696dsc14d9.htm,37,med_e31,final_round_ann,Final Round Ann,medivation_c1,medivation/company_3,Company 3,bidder,strategic,dropped,bidder,One of the four non-Pfizer industry participants under NDA; exact identity not disclosed in the filing.,2016-08-14,exact,medivation_r2,,,,,,,,,,bidder_driven,med_e31,"On August 14, 2016, J.P. Morgan and Evercore sent a written instruction letter to each Interested Party, requiring a de…",,,,true,false,false,false,false,,
medivation,"Medivation, Inc.",1011835,Pfizer,completed,all_cash,2016-08-22,,SC 14D-9,https://www.sec.gov/Archives/edgar/data/1011835/000119312516696911/d234696dsc14d9.htm,38,med_e31,final_round_ann,Final Round Ann,medivation_c1,medivation/company_4,Company 4,bidder,strategic,dropped,bidder,One of the four non-Pfizer industry participants under NDA; exact identity not disclosed in the filing.,2016-08-14,exact,medivation_r2,,,,,,,,,,bidder_driven,med_e31,"On August 14, 2016, J.P. Morgan and Evercore sent a written instruction letter to each Interested Party, requiring a de…",,,,true,false,false,false,false,,
medivation,"Medivation, Inc.",1011835,Pfizer,completed,all_cash,2016-08-22,,SC 14D-9,https://www.sec.gov/Archives/edgar/data/1011835/000119312516696911/d234696dsc14d9.htm,39,med_e31,final_round_ann,Final Round Ann,medivation_c1,medivation/pfizer,Pfizer,bidder,strategic,winner,bidder,,2016-08-14,exact,medivation_r2,,,,,,,,,,bidder_driven,med_e31,"On August 14, 2016, J.P. Morgan and Evercore sent a written instruction letter to each Interested Party, requiring a de…",,,,true,false,false,false,false,,
medivation,"Medivation, Inc.",1011835,Pfizer,completed,all_cash,2016-08-22,,SC 14D-9,https://www.sec.gov/Archives/edgar/data/1011835/000119312516696911/d234696dsc14d9.htm,40,med_e32,final_round,Final Round,medivation_c1,,,,,,,,2016-08-19,exact,medivation_r2,,,,,,,,,,bidder_driven,med_e31,"On August 14, 2016, J.P. Morgan and Evercore sent a written instruction letter to each Interested Party, requiring a de…",,,,true,false,false,false,false,,
medivation,"Medivation, Inc.",1011835,Pfizer,completed,all_cash,2016-08-22,,SC 14D-9,https://www.sec.gov/Archives/edgar/data/1011835/000119312516696911/d234696dsc14d9.htm,41,med_e37,final_round_ext_ann,Final Round Ext Ann,medivation_c1,medivation/company_1,Company 1,bidder,strategic,bid,bidder,One of the four non-Pfizer industry participants under NDA; exact identity not disclosed in the filing.,2016-08-19,exact,medivation_r3,,,,,,,,,,bidder_driven,med_e31,including as to the matters discussed in the section entitled “—Reasons for the Merger; Recommendation of the Medivatio…,,,,true,false,false,false,false,,
medivation,"Medivation, Inc.",1011835,Pfizer,completed,all_cash,2016-08-22,,SC 14D-9,https://www.sec.gov/Archives/edgar/data/1011835/000119312516696911/d234696dsc14d9.htm,42,med_e37,final_round_ext_ann,Final Round Ext Ann,medivation_c1,medivation/company_2,Company 2,bidder,strategic,bid,bidder,One of the four non-Pfizer industry participants under NDA; exact identity not disclosed in the filing.,2016-08-19,exact,medivation_r3,,,,,,,,,,bidder_driven,med_e31,including as to the matters discussed in the section entitled “—Reasons for the Merger; Recommendation of the Medivatio…,,,,true,false,false,false,false,,
medivation,"Medivation, Inc.",1011835,Pfizer,completed,all_cash,2016-08-22,,SC 14D-9,https://www.sec.gov/Archives/edgar/data/1011835/000119312516696911/d234696dsc14d9.htm,43,med_e37,final_round_ext_ann,Final Round Ext Ann,medivation_c1,medivation/company_3,Company 3,bidder,strategic,dropped,bidder,One of the four non-Pfizer industry participants under NDA; exact identity not disclosed in the filing.,2016-08-19,exact,medivation_r3,,,,,,,,,,bidder_driven,med_e31,including as to the matters discussed in the section entitled “—Reasons for the Merger; Recommendation of the Medivatio…,,,,true,false,false,false,false,,
medivation,"Medivation, Inc.",1011835,Pfizer,completed,all_cash,2016-08-22,,SC 14D-9,https://www.sec.gov/Archives/edgar/data/1011835/000119312516696911/d234696dsc14d9.htm,44,med_e37,final_round_ext_ann,Final Round Ext Ann,medivation_c1,medivation/pfizer,Pfizer,bidder,strategic,winner,bidder,,2016-08-19,exact,medivation_r3,,,,,,,,,,bidder_driven,med_e31,including as to the matters discussed in the section entitled “—Reasons for the Merger; Recommendation of the Medivatio…,,,,true,false,false,false,false,,
medivation,"Medivation, Inc.",1011835,Pfizer,completed,all_cash,2016-08-22,,SC 14D-9,https://www.sec.gov/Archives/edgar/data/1011835/000119312516696911/d234696dsc14d9.htm,45,med_e34,proposal,,medivation_c1,medivation/company_1,Company 1,bidder,strategic,bid,bidder,One of the four non-Pfizer industry participants under NDA; exact identity not disclosed in the filing.,2016-08-19,exact,medivation_r3,73.0,73.0,73.0,1,cash,,Formal,post_final_round_announcement,high,bidder_driven,med_e31,"ceased participation in the strategic transaction process. The definitive proposals, in order of increasing valuation, …",,,,true,false,false,false,false,,
medivation,"Medivation, Inc.",1011835,Pfizer,completed,all_cash,2016-08-22,,SC 14D-9,https://www.sec.gov/Archives/edgar/data/1011835/000119312516696911/d234696dsc14d9.htm,46,med_e35,proposal,,medivation_c1,medivation/company_2,Company 2,bidder,strategic,bid,bidder,One of the four non-Pfizer industry participants under NDA; exact identity not disclosed in the filing.,2016-08-19,exact,medivation_r3,75.5,75.5,75.5,1,cash,,Formal,post_final_round_announcement,high,bidder_driven,med_e31,"ceased participation in the strategic transaction process. The definitive proposals, in order of increasing valuation, …",,,,true,false,false,false,false,,
medivation,"Medivation, Inc.",1011835,Pfizer,completed,all_cash,2016-08-22,,SC 14D-9,https://www.sec.gov/Archives/edgar/data/1011835/000119312516696911/d234696dsc14d9.htm,47,med_e33,proposal,,medivation_c1,medivation/company_3,Company 3,bidder,strategic,dropped,bidder,One of the four non-Pfizer industry participants under NDA; exact identity not disclosed in the filing.,2016-08-19,exact,medivation_r3,72.5,72.5,72.5,1,cash,,Formal,post_final_round_announcement,high,bidder_driven,med_e31,"ceased participation in the strategic transaction process. The definitive proposals, in order of increasing valuation, …",,,,true,false,false,false,false,,
medivation,"Medivation, Inc.",1011835,Pfizer,completed,all_cash,2016-08-22,,SC 14D-9,https://www.sec.gov/Archives/edgar/data/1011835/000119312516696911/d234696dsc14d9.htm,48,med_e36,proposal,,medivation_c1,medivation/pfizer,Pfizer,bidder,strategic,winner,bidder,,2016-08-19,exact,medivation_r3,77.0,77.0,77.0,1,cash,,Formal,post_final_round_announcement,high,bidder_driven,med_e31,"ceased participation in the strategic transaction process. The definitive proposals, in order of increasing valuation, …",,,,true,false,false,false,false,,
medivation,"Medivation, Inc.",1011835,Pfizer,completed,all_cash,2016-08-22,,SC 14D-9,https://www.sec.gov/Archives/edgar/data/1011835/000119312516696911/d234696dsc14d9.htm,49,med_e39,drop,Drop,medivation_c1,medivation/company_3,Company 3,bidder,strategic,dropped,bidder,One of the four non-Pfizer industry participants under NDA; exact identity not disclosed in the filing.,2016-08-19,exact,medivation_r3,,,,,,,,,,bidder_driven,med_e31,"of the merger agreement to each of Pfizer, Company 1, Company 2 and Company 3. In the evening of August 19, 2016, Compa…",,,,true,false,false,false,false,,
medivation,"Medivation, Inc.",1011835,Pfizer,completed,all_cash,2016-08-22,,SC 14D-9,https://www.sec.gov/Archives/edgar/data/1011835/000119312516696911/d234696dsc14d9.htm,50,med_e38,drop,Drop,medivation_c1,medivation/company_4,Company 4,bidder,strategic,dropped,bidder,One of the four non-Pfizer industry participants under NDA; exact identity not disclosed in the filing.,2016-08-19,exact,medivation_r3,,,,,,,,,,bidder_driven,med_e31,Our Board of Directors noted that none of the other four bidders expressed a willingness to make a definitive offer at …,The board's August 20 reasons summary confirms that Company 4 dropped out of the process; the chronology places that exit at the August 19 definitive bid deadline when Company 4 declined to submit a definitive proposal.,,,true,false,false,false,false,,
medivation,"Medivation, Inc.",1011835,Pfizer,completed,all_cash,2016-08-22,,SC 14D-9,https://www.sec.gov/Archives/edgar/data/1011835/000119312516696911/d234696dsc14d9.htm,51,med_e40,final_round_ext,Final Round Ext,medivation_c1,,,,,,,,2016-08-20,exact,medivation_r3,,,,,,,,,,bidder_driven,med_e31,communicate to the remaining Interested Parties that best and final proposals (to include confirmation that no further …,,,,true,false,false,false,false,,
medivation,"Medivation, Inc.",1011835,Pfizer,completed,all_cash,2016-08-22,,SC 14D-9,https://www.sec.gov/Archives/edgar/data/1011835/000119312516696911/d234696dsc14d9.htm,52,med_e42,proposal,,medivation_c1,medivation/company_1,Company 1,bidder,strategic,bid,bidder,One of the four non-Pfizer industry participants under NDA; exact identity not disclosed in the filing.,2016-08-20,exact,,80.25,80.25,80.25,1,cash,,Formal,post_final_round_announcement,high,bidder_driven,med_e31,"Later that morning, on August 20, 2016, beginning at 11:51 a.m. Pacific Time, each of Pfizer, Company 1, and Company 2 …",,,,true,false,false,false,false,,
medivation,"Medivation, Inc.",1011835,Pfizer,completed,all_cash,2016-08-22,,SC 14D-9,https://www.sec.gov/Archives/edgar/data/1011835/000119312516696911/d234696dsc14d9.htm,53,med_e43,proposal,,medivation_c1,medivation/company_2,Company 2,bidder,strategic,bid,bidder,One of the four non-Pfizer industry participants under NDA; exact identity not disclosed in the filing.,2016-08-20,exact,,80.0,80.0,80.0,1,cash,,Formal,post_final_round_announcement,high,bidder_driven,med_e31,"Later that morning, on August 20, 2016, beginning at 11:51 a.m. Pacific Time, each of Pfizer, Company 1, and Company 2 …",,,,true,false,false,false,false,,
medivation,"Medivation, Inc.",1011835,Pfizer,completed,all_cash,2016-08-22,,SC 14D-9,https://www.sec.gov/Archives/edgar/data/1011835/000119312516696911/d234696dsc14d9.htm,54,med_e41,proposal,,medivation_c1,medivation/pfizer,Pfizer,bidder,strategic,winner,bidder,,2016-08-20,exact,,81.5,81.5,81.5,1,cash,,Formal,post_final_round_announcement,high,bidder_driven,med_e31,"Later that morning, on August 20, 2016, beginning at 11:51 a.m. Pacific Time, each of Pfizer, Company 1, and Company 2 …",,,,true,false,false,false,false,,
medivation,"Medivation, Inc.",1011835,Pfizer,completed,all_cash,2016-08-22,,SC 14D-9,https://www.sec.gov/Archives/edgar/data/1011835/000119312516696911/d234696dsc14d9.htm,55,med_e45,drop,Drop,medivation_c1,medivation/sanofi,Sanofi,bidder,strategic,dropped,bidder,,2016-08-20,exact,,,,,,,,,,,bidder_driven,med_e31,"Also on August 20, 2016, following approval of the Medivation board of directors, Pfizer and Medivation executed the me…","Inferred dropout for Sanofi: after entering the July 5 confidentiality and standstill agreement, Sanofi does not appear among the later Interested Parties or any subsequent bid rounds; recorded as dropped when Medivation executed with Pfizer.",,,true,false,false,false,false,,
medivation,"Medivation, Inc.",1011835,Pfizer,completed,all_cash,2016-08-22,,SC 14D-9,https://www.sec.gov/Archives/edgar/data/1011835/000119312516696911/d234696dsc14d9.htm,56,med_e44,executed,Executed,medivation_c1,medivation/pfizer,Pfizer,bidder,strategic,winner,bidder,,2016-08-20,exact,,,,,,,,,,,bidder_driven,med_e31,"Also on August 20, 2016, following approval of the Medivation board of directors, Pfizer and Medivation executed the me…",,,,true,false,false,false,false,,
medivation,"Medivation, Inc.",1011835,Pfizer,completed,all_cash,2016-08-22,,SC 14D-9,https://www.sec.gov/Archives/edgar/data/1011835/000119312516696911/d234696dsc14d9.htm,57,med_e46,bid_press_release,Bid Press Release,medivation_c1,medivation/pfizer,Pfizer,bidder,strategic,winner,bidder,,2016-08-22,exact,,,,,,,,,,,bidder_driven,med_e31,"executed the merger agreement and Medivation executed the Rights Amendment. On August 22, 2016, the parties issued a jo…",,,,true,false,false,false,false,,
