deal_slug,row_id,origin,analyst_event_type,subject_ref,subject_name,row_count,bidder_name,bidder_type,bid_type,value,range_low,range_high,date_recorded,date_public,all_cash,rule_id,source_observation_ids,source_span_ids,confidence,review_flags,explanation
imprivata,row_0001,literal,bidder_interest,bidder_thoma_bravo,Thoma Bravo,1,Thoma Bravo,F,NA,NA,NA,NA,2015-06-01 00:00:00,NA,NA,LITERAL-STATUS,obs_evt_002,span_0006|span_0007,high,NA,Literal expressed-interest status compiled directly into analyst row.
imprivata,row_0002,literal,bidder_interest,bidder_thoma_bravo,Thoma Bravo,1,Thoma Bravo,F,NA,NA,NA,NA,2016-01-01 00:00:00,NA,NA,LITERAL-STATUS,obs_evt_003,span_0008|span_0009,high,NA,Literal expressed-interest status compiled directly into analyst row.
imprivata,row_0003,literal,proposal,bidder_thoma_bravo,Thoma Bravo,1,Thoma Bravo,F,Formal,15,NA,NA,2016-03-09 00:00:00,2016-03-09 00:00:00,1,LITERAL-PROPOSAL,obs_evt_004,span_0010|span_0011|span_0012,high,NA,Literal proposal observation compiled directly into analyst row.
imprivata,row_0004,literal,ib_retention,advisor_barclays,Barclays,1,Barclays,NA,NA,NA,NA,NA,2016-04-15 00:00:00,2016-04-15 00:00:00,NA,LITERAL-PROCESS,obs_evt_005,span_0013,high,NA,Literal process observation compiled directly into analyst row.
imprivata,row_0005,literal,target_sale,NA,NA,1,NA,NA,NA,NA,NA,NA,2016-05-05 00:00:00,2016-05-05 00:00:00,NA,LITERAL-PROCESS,obs_evt_006,span_0014|span_0015,high,NA,Literal process observation compiled directly into analyst row.
imprivata,row_0006,literal,nda,bidder_strategic_1,Strategic 1,1,Strategic 1,S,NA,NA,NA,NA,2016-05-06 00:00:00,NA,NA,LITERAL-AGREEMENT,obs_evt_008,span_0016|span_0017,high,NA,Literal agreement observation compiled into NDA-family analyst row.
imprivata,row_0007,literal,nda,bidder_strategic_2,Strategic 2,1,Strategic 2,S,NA,NA,NA,NA,2016-05-06 00:00:00,NA,NA,LITERAL-AGREEMENT,obs_evt_009,span_0016|span_0018,high,NA,Literal agreement observation compiled into NDA-family analyst row.
imprivata,row_0008,literal,nda,bidder_strategic_3,Strategic 3,1,Strategic 3,S,NA,NA,NA,NA,2016-05-06 00:00:00,NA,NA,LITERAL-AGREEMENT,obs_evt_010,span_0016|span_0018|span_0019,high,NA,Literal agreement observation compiled into NDA-family analyst row.
imprivata,row_0009,literal,nda,bidder_sponsor_a,Sponsor A,1,Sponsor A,F,NA,NA,NA,NA,2016-05-06 00:00:00,NA,NA,LITERAL-AGREEMENT,obs_evt_011,span_0016|span_0020,high,NA,Literal agreement observation compiled into NDA-family analyst row.
imprivata,row_0010,literal,nda,bidder_sponsor_b,Sponsor B,1,Sponsor B,F,NA,NA,NA,NA,2016-05-06 00:00:00,NA,NA,LITERAL-AGREEMENT,obs_evt_012,span_0016|span_0020,high,NA,Literal agreement observation compiled into NDA-family analyst row.
imprivata,row_0011,literal,nda,bidder_unnamed_financial_sponsor,Unnamed financial sponsor,1,Unnamed financial sponsor,F,NA,NA,NA,NA,2016-05-06 00:00:00,NA,NA,LITERAL-AGREEMENT,obs_evt_013,span_0016|span_0021,high,NA,Literal agreement observation compiled into NDA-family analyst row.
imprivata,row_0012,literal,nda,bidder_thoma_bravo,Thoma Bravo,1,Thoma Bravo,F,NA,NA,NA,NA,2016-05-10 00:00:00,2016-05-10 00:00:00,NA,LITERAL-AGREEMENT,obs_evt_007,span_0016|span_0016,high,NA,Literal agreement observation compiled into NDA-family analyst row.
imprivata,row_0023,literal,drop,bidder_strategic_1,Strategic 1,1,Strategic 1,S,NA,NA,NA,NA,2016-06-08 00:00:00,2016-06-08 00:00:00,NA,EXIT-01,obs_evt_016,span_0022|span_0022,high,NA,Literal status observation recorded bidder withdrawal or non-participation.
imprivata,row_0013,literal,proposal,bidder_sponsor_a,Sponsor A,1,Sponsor A,F,Formal,16.5,NA,NA,2016-06-09 00:00:00,2016-06-09 00:00:00,1,LITERAL-PROPOSAL,obs_evt_017,span_0023|span_0024|span_0023,high,NA,Literal proposal observation compiled directly into analyst row.
imprivata,row_0014,literal,proposal,bidder_sponsor_b,Sponsor B,1,Sponsor B,F,Formal,NA,17,18,2016-06-09 00:00:00,2016-06-09 00:00:00,1,LITERAL-PROPOSAL,obs_evt_018,span_0024|span_0023|span_0025,high,NA,Literal proposal observation compiled directly into analyst row.
imprivata,row_0015,literal,proposal,bidder_thoma_bravo,Thoma Bravo,1,Thoma Bravo,F,Formal,17.25,NA,NA,2016-06-09 00:00:00,2016-06-09 00:00:00,1,LITERAL-PROPOSAL,obs_evt_019,span_0024|span_0023|span_0023|span_0026,high,NA,Literal proposal observation compiled directly into analyst row.
imprivata,row_0024,literal,drop,bidder_strategic_2,Strategic 2,1,Strategic 2,S,NA,NA,NA,NA,2016-06-12 00:00:00,2016-06-12 00:00:00,NA,EXIT-01,obs_evt_021,span_0027|span_0027,high,NA,Literal status observation recorded bidder withdrawal or non-participation.
imprivata,row_0025,literal,drop,bidder_strategic_3,Strategic 3,1,Strategic 3,S,NA,NA,NA,NA,2016-06-14 00:00:00,2016-06-14 00:00:00,NA,EXIT-01,obs_evt_022,span_0028|span_0029,high,NA,Literal status observation recorded bidder withdrawal or non-participation.
imprivata,row_0026,literal,drop,bidder_sponsor_a,Sponsor A,1,Sponsor A,F,NA,NA,NA,NA,2016-06-15 00:00:00,2016-06-15 00:00:00,NA,EXIT-01,obs_evt_023,span_0030|span_0031,high,NA,Literal status observation recorded bidder withdrawal or non-participation.
imprivata,row_0027,derived,drop,bidder_unnamed_financial_sponsor,Unnamed financial sponsor,1,Unnamed financial sponsor,F,NA,NA,NA,NA,2016-06-24 00:00:00,2016-06-24 00:00:00,NA,EXIT-03,obs_evt_025_selected,span_0001|span_0002|span_0003,high,reason:not_invited,Selected-to-advance observation omitted an otherwise active subject.
imprivata,row_0021,derived,final_round_ann,NA,NA,1,NA,NA,Formal,NA,NA,NA,2016-06-24 00:00:00,2016-06-24 00:00:00,1,ROUND-02,obs_evt_025,span_0001|span_0002|span_0003|span_0004,high,NA,Solicitation requested LOIs/binding offers or carried formal attachments.
imprivata,row_0028,derived,drop,bidder_sponsor_b,Sponsor B,1,Sponsor B,F,NA,NA,NA,NA,2016-06-29 00:00:00,2016-06-29 00:00:00,NA,EXIT-02,obs_evt_026,span_0032|span_0033,high,reason:cannot_improve,Status observation explicitly said the bidder could not improve.
imprivata,row_0016,literal,proposal,bidder_thoma_bravo,Thoma Bravo,1,Thoma Bravo,F,Formal,19,NA,NA,2016-07-08 00:00:00,2016-07-08 00:00:00,1,LITERAL-PROPOSAL,obs_evt_028,span_0034|span_0035|span_0036,high,NA,Literal proposal observation compiled directly into analyst row.
imprivata,row_0022,derived,final_round,NA,NA,1,NA,NA,Formal,NA,NA,NA,2016-07-08 00:00:00,2016-07-08 00:00:00,1,ROUND-02,obs_evt_025,span_0001|span_0002|span_0003|span_0004,high,NA,Solicitation requested LOIs/binding offers or carried formal attachments.
imprivata,row_0017,literal,proposal,bidder_thoma_bravo,Thoma Bravo,1,Thoma Bravo,F,Formal,19.25,NA,NA,2016-07-09 00:00:00,2016-07-09 00:00:00,1,LITERAL-PROPOSAL,obs_evt_029,span_0037|span_0038|span_0038,high,NA,Literal proposal observation compiled directly into analyst row.
imprivata,row_0019,literal,bid_press_release,bidder_thoma_bravo,Thoma Bravo,1,Thoma Bravo,F,NA,NA,NA,NA,2016-07-13 00:00:00,2016-07-13 00:00:00,NA,LITERAL-PROCESS,obs_evt_031,span_0040,high,NA,Literal process observation compiled directly into analyst row.
imprivata,row_0018,literal,executed,bidder_thoma_bravo,Thoma Bravo,1,Thoma Bravo,F,NA,NA,NA,NA,2016-07-13 00:00:00,2016-07-13 00:00:00,NA,LITERAL-OUTCOME,obs_evt_030,span_0039,high,NA,Literal outcome observation compiled directly into analyst row.
imprivata,row_0020,literal,bidder_interest,bidder_thoma_bravo,Thoma Bravo,1,Thoma Bravo,F,NA,NA,NA,NA,NA,NA,NA,LITERAL-STATUS,obs_evt_001,span_0005|span_0006,high,NA,Literal expressed-interest status compiled directly into analyst row.
imprivata,row_0029,literal,drop,bidder_unnamed_financial_sponsor,Unnamed financial sponsor,1,Unnamed financial sponsor,F,NA,NA,NA,NA,NA,NA,NA,EXIT-01,obs_evt_014,span_0021,high,NA,Literal status observation recorded bidder withdrawal or non-participation.
mac-gray,row_0001,literal,target_sale,NA,NA,1,NA,NA,NA,NA,NA,NA,2013-04-05 00:00:00,2013-04-05 00:00:00,NA,LITERAL-PROCESS,obs_evt_001,span_0002,high,NA,Literal process observation compiled directly into analyst row.
mac-gray,row_0002,literal,bidder_interest,bidder_party_a,Party A,1,Party A,S,NA,NA,NA,NA,2013-04-08 00:00:00,2013-04-08 00:00:00,NA,LITERAL-STATUS,obs_evt_002,span_0003,high,NA,Literal expressed-interest status compiled directly into analyst row.
mac-gray,row_0003,literal,ib_retention,advisor_bofa_merrill_lynch,BofA Merrill Lynch,1,BofA Merrill Lynch,NA,NA,NA,NA,NA,2013-05-31 00:00:00,2013-05-31 00:00:00,NA,LITERAL-PROCESS,obs_evt_003,span_0004,high,NA,Literal process observation compiled directly into analyst row.
mac-gray,row_0004,literal,proposal,bidder_party_a,Party A,1,Party A,S,Informal,NA,17,19,2013-06-21 00:00:00,2013-06-21 00:00:00,1,LITERAL-PROPOSAL,obs_evt_004,span_0005|span_0006,high,NA,Literal proposal observation compiled directly into analyst row.
mac-gray,row_0005,literal,target_sale,NA,NA,1,NA,NA,NA,NA,NA,NA,2013-06-24 00:00:00,2013-06-24 00:00:00,NA,LITERAL-PROCESS,obs_evt_026,span_0007,high,NA,Literal process observation compiled directly into analyst row.
mac-gray,row_0006,literal,nda,bidder_party_b,Party B,1,Party B,F,NA,NA,NA,NA,2013-06-28 00:00:00,2013-06-28 00:00:00,NA,LITERAL-AGREEMENT,obs_evt_005,span_0008,high,NA,Literal agreement observation compiled into NDA-family analyst row.
mac-gray,row_0007,literal,nda,bidder_party_c,Party C,1,Party C,F,NA,NA,NA,NA,2013-06-30 00:00:00,2013-06-30 00:00:00,NA,LITERAL-AGREEMENT,obs_evt_006,span_0009,high,NA,Literal agreement observation compiled into NDA-family analyst row.
mac-gray,row_0008,literal,nda,bidder_csc,CSC,1,CSC,S,NA,NA,NA,NA,2013-07-11 00:00:00,2013-07-11 00:00:00,NA,LITERAL-AGREEMENT,obs_evt_007,span_0010,high,NA,Literal agreement observation compiled into NDA-family analyst row.
mac-gray,row_0009,literal,nda,bidder_pamplona,Pamplona,1,Pamplona,F,NA,NA,NA,NA,2013-07-11 00:00:00,2013-07-11 00:00:00,NA,LITERAL-AGREEMENT,obs_evt_007,span_0010,high,NA,Literal agreement observation compiled into NDA-family analyst row.
mac-gray,row_0010,literal,proposal,bidder_csc,CSC,1,CSC,S,Informal,18.5,NA,NA,2013-07-23 00:00:00,2013-07-23 00:00:00,1,LITERAL-PROPOSAL,obs_evt_008,span_0011,high,NA,Literal proposal observation compiled directly into analyst row.
mac-gray,row_0011,literal,proposal,bidder_pamplona,Pamplona,1,Pamplona,F,Informal,18.5,NA,NA,2013-07-23 00:00:00,2013-07-23 00:00:00,1,LITERAL-PROPOSAL,obs_evt_008,span_0011,high,NA,Literal proposal observation compiled directly into analyst row.
mac-gray,row_0012,literal,proposal,bidder_party_b,Party B,1,Party B,F,Informal,NA,17,18,2013-07-24 00:00:00,2013-07-24 00:00:00,1,LITERAL-PROPOSAL,obs_evt_009,span_0012,high,NA,Literal proposal observation compiled directly into analyst row.
mac-gray,row_0013,literal,proposal,bidder_party_c,Party C,1,Party C,F,Informal,NA,15,17,2013-07-24 00:00:00,2013-07-24 00:00:00,1,LITERAL-PROPOSAL,obs_evt_010,span_0013,high,NA,Literal proposal observation compiled directly into analyst row.
mac-gray,row_0014,literal,proposal,bidder_party_c,Party C,1,Party C,F,Informal,NA,16,16.5,2013-07-25 00:00:00,2013-07-25 00:00:00,1,LITERAL-PROPOSAL,obs_evt_011,span_0014,high,NA,Literal proposal observation compiled directly into analyst row.
mac-gray,row_0015,literal,nda,bidder_party_a,Party A,1,Party A,S,NA,NA,NA,NA,2013-08-05 00:00:00,2013-08-05 00:00:00,NA,LITERAL-AGREEMENT,obs_evt_012,span_0015,high,NA,Literal agreement observation compiled into NDA-family analyst row.
mac-gray,row_0016,literal,proposal,bidder_csc,CSC,1,CSC,S,Informal,19.5,NA,NA,2013-09-09 00:00:00,2013-09-09 00:00:00,1,LITERAL-PROPOSAL,obs_evt_013,span_0016|span_0017,high,NA,Literal proposal observation compiled directly into analyst row.
mac-gray,row_0017,literal,proposal,bidder_pamplona,Pamplona,1,Pamplona,F,Informal,19.5,NA,NA,2013-09-09 00:00:00,2013-09-09 00:00:00,1,LITERAL-PROPOSAL,obs_evt_013,span_0016|span_0017,high,NA,Literal proposal observation compiled directly into analyst row.
mac-gray,row_0018,literal,proposal,bidder_party_b,Party B,1,Party B,F,Informal,18.5,NA,NA,2013-09-09 00:00:00,2013-09-09 00:00:00,1,LITERAL-PROPOSAL,obs_evt_014,span_0018|span_0019,high,NA,Literal proposal observation compiled directly into analyst row.
mac-gray,row_0019,literal,proposal,bidder_party_a,Party A,1,Party A,S,Informal,NA,18,19,2013-09-10 00:00:00,2013-09-10 00:00:00,1,LITERAL-PROPOSAL,obs_evt_015,span_0020,high,NA,Literal proposal observation compiled directly into analyst row.
mac-gray,row_0020,literal,proposal,bidder_party_c,Party C,1,Party C,F,Informal,NA,16,17,2013-09-10 00:00:00,2013-09-10 00:00:00,1,LITERAL-PROPOSAL,obs_evt_016,span_0021,high,NA,Literal proposal observation compiled directly into analyst row.
mac-gray,row_0029,derived,final_round_inf_ann,NA,NA,1,NA,NA,Informal,NA,NA,NA,2013-09-11 00:00:00,2013-09-11 00:00:00,0,ROUND-01,obs_evt_017,span_0001,high,NA,Solicitation requested non-binding IOIs.
mac-gray,row_0021,literal,proposal,bidder_csc,CSC,1,CSC,S,Informal,20.75,NA,NA,2013-09-18 00:00:00,2013-09-18 00:00:00,1,LITERAL-PROPOSAL,obs_evt_019,span_0022|span_0023,high,NA,Literal proposal observation compiled directly into analyst row.
mac-gray,row_0022,literal,proposal,bidder_pamplona,Pamplona,1,Pamplona,F,Informal,20.75,NA,NA,2013-09-18 00:00:00,2013-09-18 00:00:00,1,LITERAL-PROPOSAL,obs_evt_019,span_0022|span_0023,high,NA,Literal proposal observation compiled directly into analyst row.
mac-gray,row_0023,literal,proposal,bidder_party_a,Party A,1,Party A,S,Informal,NA,18,19,2013-09-18 00:00:00,2013-09-18 00:00:00,1,LITERAL-PROPOSAL,obs_evt_020,span_0024,high,NA,Literal proposal observation compiled directly into analyst row.
mac-gray,row_0024,literal,proposal,bidder_party_b,Party B,1,Party B,F,Informal,21.5,NA,NA,2013-09-18 00:00:00,2013-09-18 00:00:00,0,LITERAL-PROPOSAL,obs_evt_021,span_0025|span_0025|span_0026,high,NA,Literal proposal observation compiled directly into analyst row.
mac-gray,row_0031,literal,drop,bidder_party_c,Party C,1,Party C,F,NA,NA,NA,NA,2013-09-18 00:00:00,2013-09-18 00:00:00,NA,EXIT-01,obs_evt_022,span_0027,high,NA,Literal status observation recorded bidder withdrawal or non-participation.
mac-gray,row_0030,derived,final_round_inf,NA,NA,1,NA,NA,Informal,NA,NA,NA,2013-09-18 00:00:00,2013-09-18 00:00:00,0,ROUND-01,obs_evt_017,span_0001,high,NA,Solicitation requested non-binding IOIs.
mac-gray,row_0025,literal,proposal,bidder_csc,CSC,1,CSC,S,Informal,21.25,NA,NA,2013-09-21 00:00:00,2013-09-21 00:00:00,1,LITERAL-PROPOSAL,obs_evt_023,span_0028,high,NA,Literal proposal observation compiled directly into analyst row.
mac-gray,row_0026,literal,proposal,bidder_pamplona,Pamplona,1,Pamplona,F,Informal,21.25,NA,NA,2013-09-21 00:00:00,2013-09-21 00:00:00,1,LITERAL-PROPOSAL,obs_evt_023,span_0028,high,NA,Literal proposal observation compiled directly into analyst row.
mac-gray,row_0032,derived,drop,bidder_pamplona,Pamplona,1,Pamplona,F,NA,NA,NA,NA,2013-10-14 00:00:00,2013-10-14 00:00:00,NA,EXIT-04,obs_evt_024,span_0029,high,reason:lost_to_winner,Execution outcome closed out remaining active bidders in favor of the winner.
mac-gray,row_0033,derived,drop,bidder_party_a,Party A,1,Party A,S,NA,NA,NA,NA,2013-10-14 00:00:00,2013-10-14 00:00:00,NA,EXIT-04,obs_evt_024,span_0029,high,reason:lost_to_winner,Execution outcome closed out remaining active bidders in favor of the winner.
mac-gray,row_0034,derived,drop,bidder_party_b,Party B,1,Party B,F,NA,NA,NA,NA,2013-10-14 00:00:00,2013-10-14 00:00:00,NA,EXIT-04,obs_evt_024,span_0029,high,reason:lost_to_winner,Execution outcome closed out remaining active bidders in favor of the winner.
mac-gray,row_0027,literal,executed,bidder_csc,CSC,1,CSC,S,NA,NA,NA,NA,2013-10-14 00:00:00,2013-10-14 00:00:00,NA,LITERAL-OUTCOME,obs_evt_024,span_0029,high,NA,Literal outcome observation compiled directly into analyst row.
mac-gray,row_0028,literal,bid_press_release,bidder_csc,CSC,1,CSC,S,NA,NA,NA,NA,2013-10-15 00:00:00,2013-10-15 00:00:00,NA,LITERAL-PROCESS,obs_evt_025,span_0030,high,NA,Literal process observation compiled directly into analyst row.
medivation,row_0001,literal,bidder_interest,bidder_sanofi,Sanofi,1,Sanofi,non-US S,NA,NA,NA,NA,2016-03-22 00:00:00,2016-03-22 00:00:00,NA,LITERAL-STATUS,obs_evt_001,span_0007,high,NA,Literal expressed-interest status compiled directly into analyst row.
medivation,row_0002,literal,ib_retention,advisor_j_p_morgan,J. P. Morgan Securities LLC,1,J. P. Morgan Securities LLC,NA,NA,NA,NA,NA,2016-03-24 00:00:00,2016-03-24 00:00:00,NA,LITERAL-PROCESS,obs_evt_002,span_0008,high,NA,Literal process observation compiled directly into analyst row.
medivation,row_0003,literal,proposal,bidder_sanofi,Sanofi,1,Sanofi,non-US S,Informal,52.5,NA,NA,2016-04-13 00:00:00,2016-04-13 00:00:00,1,LITERAL-PROPOSAL,obs_evt_003,span_0009,high,NA,Literal proposal observation compiled directly into analyst row.
medivation,row_0004,literal,bidder_interest,bidder_pfizer,Pfizer,1,Pfizer,S,NA,NA,NA,NA,2016-04-20 00:00:00,2016-04-20 00:00:00,NA,LITERAL-STATUS,obs_evt_004,span_0010,high,NA,Literal expressed-interest status compiled directly into analyst row.
medivation,row_0005,literal,ib_retention,advisor_evercore,Evercore Group L. L. C.,1,Evercore Group L. L. C.,NA,NA,NA,NA,NA,2016-04-22 00:00:00,2016-04-22 00:00:00,NA,LITERAL-PROCESS,obs_evt_005,span_0011,high,NA,Literal process observation compiled directly into analyst row.
medivation,row_0006,literal,bid_press_release,bidder_sanofi,Sanofi,1,Sanofi,non-US S,NA,NA,NA,NA,2016-04-28 00:00:00,2016-04-28 00:00:00,NA,LITERAL-PROCESS,obs_evt_006,span_0012,high,NA,Literal process observation compiled directly into analyst row.
medivation,row_0007,literal,ib_retention,advisor_wachtell_lipton,"Wachtell, Lipton, Rosen & Katz",1,"Wachtell, Lipton, Rosen & Katz",NA,NA,NA,NA,NA,2016-04-28 00:00:00,2016-04-28 00:00:00,NA,LITERAL-PROCESS,obs_evt_007,span_0013,high,NA,Literal process observation compiled directly into analyst row.
medivation,row_0008,literal,bidder_interest,bidder_pfizer,Pfizer,1,Pfizer,S,NA,NA,NA,NA,2016-05-02 00:00:00,2016-05-02 00:00:00,NA,LITERAL-STATUS,obs_evt_008,span_0014,high,NA,Literal expressed-interest status compiled directly into analyst row.
medivation,row_0009,literal,bid_press_release,bidder_sanofi,Sanofi,1,Sanofi,non-US S,NA,NA,NA,NA,2016-05-05 00:00:00,2016-05-05 00:00:00,NA,LITERAL-PROCESS,obs_evt_009,span_0015,high,NA,Literal process observation compiled directly into analyst row.
medivation,row_0010,literal,bidder_interest,bidder_sanofi,Sanofi,1,Sanofi,non-US S,NA,NA,NA,NA,2016-05-09 00:00:00,2016-05-09 00:00:00,NA,LITERAL-STATUS,obs_evt_010,span_0016,high,NA,Literal expressed-interest status compiled directly into analyst row.
medivation,row_0011,literal,bidder_interest,bidder_pfizer,Pfizer,1,Pfizer,S,NA,NA,NA,NA,2016-05-20 00:00:00,2016-05-20 00:00:00,NA,LITERAL-STATUS,obs_evt_011,span_0017,high,NA,Literal expressed-interest status compiled directly into analyst row.
medivation,row_0012,literal,proposal,bidder_sanofi,Sanofi,1,Sanofi,non-US S,Informal,58,NA,NA,2016-06-27 00:00:00,2016-06-27 00:00:00,0,LITERAL-PROPOSAL,obs_evt_013,span_0019,high,NA,Literal proposal observation compiled directly into analyst row.
medivation,row_0013,literal,nda,bidder_pfizer,Pfizer,1,Pfizer,S,NA,NA,NA,NA,2016-06-29 00:00:00,2016-06-29 00:00:00,NA,LITERAL-AGREEMENT,obs_evt_014,span_0020,high,NA,Literal agreement observation compiled into NDA-family analyst row.
medivation,row_0014,literal,nda,bidder_sanofi,Sanofi,1,Sanofi,non-US S,NA,NA,NA,NA,2016-07-05 00:00:00,2016-07-05 00:00:00,NA,LITERAL-AGREEMENT,obs_evt_015,span_0021|span_0022,high,NA,Literal agreement observation compiled into NDA-family analyst row.
medivation,row_0015,literal,bidder_interest,bidder_pfizer,Pfizer,1,Pfizer,S,NA,NA,NA,NA,2016-07-07 00:00:00,2016-07-07 00:00:00,NA,LITERAL-STATUS,obs_evt_016,span_0023,high,NA,Literal expressed-interest status compiled directly into analyst row.
medivation,row_0016,literal,nda,NA,NA,1,NA,NA,NA,NA,NA,NA,2016-07-09 00:00:00,2016-07-09 00:00:00,NA,LITERAL-AGREEMENT,obs_evt_042,span_0024,high,NA,Literal agreement observation compiled into NDA-family analyst row.
medivation,row_0017,literal,nda,NA,NA,1,NA,NA,NA,NA,NA,NA,2016-07-13 00:00:00,2016-07-13 00:00:00,NA,LITERAL-AGREEMENT,obs_evt_043,span_0025,high,NA,Literal agreement observation compiled into NDA-family analyst row.
medivation,row_0018,literal,proposal,bidder_pfizer,Pfizer,1,Pfizer,S,Informal,65,NA,NA,2016-08-08 00:00:00,2016-08-08 00:00:00,1,LITERAL-PROPOSAL,obs_evt_017,span_0026,high,NA,Literal proposal observation compiled directly into analyst row.
medivation,row_0019,literal,proposal,bidder_company_1,Company 1,1,Company 1,S,Informal,71,NA,NA,2016-08-08 00:00:00,2016-08-08 00:00:00,1,LITERAL-PROPOSAL,obs_evt_018,span_0026,high,NA,Literal proposal observation compiled directly into analyst row.
medivation,row_0020,literal,proposal,bidder_company_2,Company 2,1,Company 2,S,Informal,NA,62,64,2016-08-08 00:00:00,2016-08-08 00:00:00,1,LITERAL-PROPOSAL,obs_evt_019,span_0027,high,NA,Literal proposal observation compiled directly into analyst row.
medivation,row_0021,literal,proposal,bidder_company_3,Company 3,1,Company 3,S,Informal,60,NA,NA,2016-08-08 00:00:00,2016-08-08 00:00:00,0,LITERAL-PROPOSAL,obs_evt_020,span_0028,high,NA,Literal proposal observation compiled directly into analyst row.
medivation,row_0022,literal,proposal,bidder_company_4,Company 4,1,Company 4,S,Informal,63,NA,NA,2016-08-08 00:00:00,2016-08-08 00:00:00,0,LITERAL-PROPOSAL,obs_evt_021,span_0029,high,NA,Literal proposal observation compiled directly into analyst row.
medivation,row_0023,literal,proposal,bidder_company_2,Company 2,1,Company 2,S,Informal,70,NA,NA,2016-08-11 00:00:00,2016-08-11 00:00:00,1,LITERAL-PROPOSAL,obs_evt_024,span_0030,high,NA,Literal proposal observation compiled directly into analyst row.
medivation,row_0024,literal,proposal,bidder_company_2,Company 2,1,Company 2,S,Informal,70,NA,NA,2016-08-12 00:00:00,2016-08-12 00:00:00,1,LITERAL-PROPOSAL,obs_evt_025,span_0031,high,NA,Literal proposal observation compiled directly into analyst row.
medivation,row_0025,literal,proposal,bidder_company_3,Company 3,1,Company 3,S,Informal,70.5,NA,NA,2016-08-12 00:00:00,2016-08-12 00:00:00,1,LITERAL-PROPOSAL,obs_evt_026,span_0031,high,NA,Literal proposal observation compiled directly into analyst row.
medivation,row_0040,derived,drop,bidder_sanofi,Sanofi,1,Sanofi,non-US S,NA,NA,NA,NA,2016-08-14 00:00:00,2016-08-14 00:00:00,NA,EXIT-03,obs_evt_027_selected,span_0001|span_0002,high,reason:not_invited,Selected-to-advance observation omitted an otherwise active subject.
medivation,row_0036,derived,final_round_ann,NA,NA,1,NA,NA,Formal,NA,NA,NA,2016-08-14 00:00:00,2016-08-14 00:00:00,NA,ROUND-02,obs_evt_027,span_0001|span_0002|span_0003,high,NA,Solicitation requested LOIs/binding offers or carried formal attachments.
medivation,row_0026,literal,proposal,bidder_company_3,Company 3,1,Company 3,S,Informal,72.5,NA,NA,2016-08-19 00:00:00,2016-08-19 00:00:00,1,LITERAL-PROPOSAL,obs_evt_028,span_0003|span_0032,high,NA,Literal proposal observation compiled directly into analyst row.
medivation,row_0027,literal,proposal,bidder_company_1,Company 1,1,Company 1,S,Informal,73,NA,NA,2016-08-19 00:00:00,2016-08-19 00:00:00,1,LITERAL-PROPOSAL,obs_evt_029,span_0003|span_0033,high,NA,Literal proposal observation compiled directly into analyst row.
medivation,row_0028,literal,proposal,bidder_company_2,Company 2,1,Company 2,S,Informal,75.5,NA,NA,2016-08-19 00:00:00,2016-08-19 00:00:00,1,LITERAL-PROPOSAL,obs_evt_030,span_0003|span_0034,high,NA,Literal proposal observation compiled directly into analyst row.
medivation,row_0029,literal,proposal,bidder_pfizer,Pfizer,1,Pfizer,S,Informal,77,NA,NA,2016-08-19 00:00:00,2016-08-19 00:00:00,1,LITERAL-PROPOSAL,obs_evt_031,span_0003|span_0034,high,NA,Literal proposal observation compiled directly into analyst row.
medivation,row_0041,derived,drop,bidder_company_4,Company 4,1,Company 4,S,NA,NA,NA,NA,2016-08-19 00:00:00,2016-08-19 00:00:00,NA,EXIT-03,obs_evt_034_selected,span_0004|span_0005,high,reason:not_invited,Selected-to-advance observation omitted an otherwise active subject.
medivation,row_0037,derived,final_round,NA,NA,1,NA,NA,Formal,NA,NA,NA,2016-08-19 00:00:00,2016-08-19 00:00:00,NA,ROUND-02,obs_evt_027,span_0001|span_0002|span_0003,high,NA,Solicitation requested LOIs/binding offers or carried formal attachments.
medivation,row_0038,derived,final_round_ext_ann,NA,NA,1,NA,NA,Informal,NA,NA,NA,2016-08-19 00:00:00,2016-08-19 00:00:00,0,ROUND-02,obs_evt_034,span_0004|span_0005|span_0006,high,NA,Solicitation requested LOIs/binding offers or carried formal attachments.
medivation,row_0030,literal,proposal,bidder_pfizer,Pfizer,1,Pfizer,S,Informal,81.5,NA,NA,2016-08-20 00:00:00,2016-08-20 00:00:00,1,LITERAL-PROPOSAL,obs_evt_036,span_0035,high,NA,Literal proposal observation compiled directly into analyst row.
medivation,row_0031,literal,proposal,bidder_company_1,Company 1,1,Company 1,S,Informal,80.25,NA,NA,2016-08-20 00:00:00,2016-08-20 00:00:00,1,LITERAL-PROPOSAL,obs_evt_037,span_0036,high,NA,Literal proposal observation compiled directly into analyst row.
medivation,row_0032,literal,proposal,bidder_company_2,Company 2,1,Company 2,S,Informal,80,NA,NA,2016-08-20 00:00:00,2016-08-20 00:00:00,1,LITERAL-PROPOSAL,obs_evt_038,span_0036,high,NA,Literal proposal observation compiled directly into analyst row.
medivation,row_0042,derived,drop,bidder_company_1,Company 1,1,Company 1,S,NA,NA,NA,NA,2016-08-20 00:00:00,2016-08-20 00:00:00,NA,EXIT-04,obs_evt_040,span_0037,high,reason:lost_to_winner,Execution outcome closed out remaining active bidders in favor of the winner.
medivation,row_0043,derived,drop,bidder_company_2,Company 2,1,Company 2,S,NA,NA,NA,NA,2016-08-20 00:00:00,2016-08-20 00:00:00,NA,EXIT-04,obs_evt_040,span_0037,high,reason:lost_to_winner,Execution outcome closed out remaining active bidders in favor of the winner.
medivation,row_0044,derived,drop,bidder_company_3,Company 3,1,Company 3,S,NA,NA,NA,NA,2016-08-20 00:00:00,2016-08-20 00:00:00,NA,EXIT-04,obs_evt_040,span_0037,high,reason:lost_to_winner,Execution outcome closed out remaining active bidders in favor of the winner.
medivation,row_0045,derived,drop,bidder_company_4,Company 4,1,Company 4,S,NA,NA,NA,NA,2016-08-20 00:00:00,2016-08-20 00:00:00,NA,EXIT-04,obs_evt_040,span_0037,high,reason:lost_to_winner,Execution outcome closed out remaining active bidders in favor of the winner.
medivation,row_0046,derived,drop,bidder_sanofi,Sanofi,1,Sanofi,non-US S,NA,NA,NA,NA,2016-08-20 00:00:00,2016-08-20 00:00:00,NA,EXIT-04,obs_evt_040,span_0037,high,reason:lost_to_winner,Execution outcome closed out remaining active bidders in favor of the winner.
medivation,row_0039,derived,final_round_ext,NA,NA,1,NA,NA,Informal,NA,NA,NA,2016-08-20 00:00:00,2016-08-20 00:00:00,0,ROUND-02,obs_evt_034,span_0004|span_0005|span_0006,high,NA,Solicitation requested LOIs/binding offers or carried formal attachments.
medivation,row_0033,literal,executed,bidder_pfizer,Pfizer,1,Pfizer,S,NA,NA,NA,NA,2016-08-20 00:00:00,2016-08-20 00:00:00,NA,LITERAL-OUTCOME,obs_evt_040,span_0037,high,NA,Literal outcome observation compiled directly into analyst row.
medivation,row_0034,literal,bid_press_release,bidder_pfizer,Pfizer,1,Pfizer,S,NA,NA,NA,NA,2016-08-22 00:00:00,2016-08-22 00:00:00,NA,LITERAL-PROCESS,obs_evt_041,span_0038,high,NA,Literal process observation compiled directly into analyst row.
medivation,row_0035,literal,target_sale,NA,NA,1,NA,NA,NA,NA,NA,NA,NA,NA,NA,LITERAL-PROCESS,obs_evt_012,span_0018,high,NA,Literal process observation compiled directly into analyst row.
penford,row_0001,literal,bidder_interest,bidder_ingredion,Ingredion,1,Ingredion,S,NA,NA,NA,NA,2014-07-17 00:00:00,2014-07-17 00:00:00,NA,LITERAL-STATUS,obs_evt_001,span_0001,high,NA,Literal expressed-interest status compiled directly into analyst row.
penford,row_0002,literal,nda,bidder_ingredion,Ingredion,1,Ingredion,S,NA,NA,NA,NA,2014-07-20 00:00:00,2014-07-20 00:00:00,NA,LITERAL-AGREEMENT,obs_evt_002,span_0002,high,NA,Literal agreement observation compiled into NDA-family analyst row.
penford,row_0003,literal,target_sale,NA,NA,1,NA,NA,NA,NA,NA,NA,2014-07-24 00:00:00,2014-07-24 00:00:00,NA,LITERAL-PROCESS,obs_evt_003,span_0003,high,NA,Literal process observation compiled directly into analyst row.
penford,row_0004,literal,ib_retention,advisor_deutsche_bank,Deutsche Bank,1,Deutsche Bank,NA,NA,NA,NA,NA,2014-07-24 00:00:00,2014-07-24 00:00:00,NA,LITERAL-PROCESS,obs_evt_004,span_0004,high,NA,Literal process observation compiled directly into analyst row.
penford,row_0005,literal,proposal,bidder_ingredion,Ingredion,1,Ingredion,S,Uncertain,17,NA,NA,2014-08-06 00:00:00,2014-08-06 00:00:00,NA,LITERAL-PROPOSAL,obs_evt_005,span_0005,high,NA,Literal proposal observation compiled directly into analyst row.
penford,row_0006,literal,proposal,bidder_ingredion,Ingredion,1,Ingredion,S,Uncertain,18,NA,NA,2014-08-10 00:00:00,2014-08-10 00:00:00,1,LITERAL-PROPOSAL,obs_evt_006,span_0006|span_0007,high,NA,Literal proposal observation compiled directly into analyst row.
penford,row_0007,literal,bidder_interest,bidder_party_a,Party A,1,Party A,S,NA,NA,NA,NA,2014-08-11 00:00:00,2014-08-11 00:00:00,NA,LITERAL-STATUS,obs_evt_007,span_0008,high,NA,Literal expressed-interest status compiled directly into analyst row.
penford,row_0008,literal,bidder_interest,bidder_party_a,Party A,1,Party A,S,NA,NA,NA,NA,2014-09-09 00:00:00,2014-09-09 00:00:00,NA,LITERAL-STATUS,obs_evt_008,span_0009,high,NA,Literal expressed-interest status compiled directly into analyst row.
penford,row_0009,literal,bidder_interest,bidder_party_b,Party B,1,Party B,S,NA,NA,NA,NA,2014-09-09 00:00:00,2014-09-09 00:00:00,NA,LITERAL-STATUS,obs_evt_009,span_0010,high,NA,Literal expressed-interest status compiled directly into analyst row.
penford,row_0010,literal,bidder_interest,bidder_party_c,Party C,1,Party C,S,NA,NA,NA,NA,2014-09-10 00:00:00,2014-09-10 00:00:00,NA,LITERAL-STATUS,obs_evt_010,span_0011,high,NA,Literal expressed-interest status compiled directly into analyst row.
penford,row_0011,literal,bidder_interest,bidder_party_d,Party D,1,Party D,S,NA,NA,NA,NA,2014-09-11 00:00:00,2014-09-11 00:00:00,NA,LITERAL-STATUS,obs_evt_011,span_0012,high,NA,Literal expressed-interest status compiled directly into analyst row.
penford,row_0012,literal,nda,bidder_party_c,Party C,1,Party C,S,NA,NA,NA,NA,2014-09-15 00:00:00,2014-09-15 00:00:00,NA,LITERAL-AGREEMENT,obs_evt_013,span_0013,high,NA,Literal agreement observation compiled into NDA-family analyst row.
penford,row_0013,literal,proposal,bidder_ingredion,Ingredion,1,Ingredion,S,Uncertain,NA,18.25,18.5,2014-09-17 00:00:00,2014-09-17 00:00:00,NA,LITERAL-PROPOSAL,obs_evt_014,span_0014,high,NA,Literal proposal observation compiled directly into analyst row.
penford,row_0014,literal,nda,bidder_party_d,Party D,1,Party D,S,NA,NA,NA,NA,2014-09-23 00:00:00,2014-09-23 00:00:00,NA,LITERAL-AGREEMENT,obs_evt_015,span_0015,high,NA,Literal agreement observation compiled into NDA-family analyst row.
penford,row_0015,literal,nda,bidder_party_a,Party A,1,Party A,S,NA,NA,NA,NA,2014-09-30 00:00:00,2014-09-30 00:00:00,NA,LITERAL-AGREEMENT,obs_evt_017,span_0016,high,NA,Literal agreement observation compiled into NDA-family analyst row.
penford,row_0016,literal,proposal,bidder_ingredion,Ingredion,1,Ingredion,S,Uncertain,18.5,NA,NA,2014-10-02 00:00:00,2014-10-02 00:00:00,NA,LITERAL-PROPOSAL,obs_evt_018,span_0017,high,NA,Literal proposal observation compiled directly into analyst row.
penford,row_0017,literal,proposal,bidder_ingredion,Ingredion,1,Ingredion,S,Uncertain,19,NA,NA,2014-10-02 00:00:00,2014-10-02 00:00:00,NA,LITERAL-PROPOSAL,obs_evt_019,span_0018,high,NA,Literal proposal observation compiled directly into analyst row.
penford,row_0018,literal,proposal,bidder_party_a,Party A,1,Party A,S,Uncertain,NA,17.5,18,2014-10-04 00:00:00,2014-10-04 00:00:00,1,LITERAL-PROPOSAL,obs_evt_020,span_0019,high,NA,Literal proposal observation compiled directly into analyst row.
penford,row_0024,literal,drop,bidder_party_d,Party D,1,Party D,S,NA,NA,NA,NA,2014-10-08 00:00:00,2014-10-08 00:00:00,NA,EXIT-01,obs_evt_021,span_0020,high,NA,Literal status observation recorded bidder withdrawal or non-participation.
penford,row_0019,literal,proposal,bidder_party_a,Party A,1,Party A,S,Uncertain,NA,16,18,2014-10-13 00:00:00,2014-10-13 00:00:00,NA,LITERAL-PROPOSAL,obs_evt_022,span_0021,high,NA,Literal proposal observation compiled directly into analyst row.
penford,row_0020,literal,proposal,bidder_ingredion,Ingredion,1,Ingredion,S,Uncertain,19,NA,NA,2014-10-14 00:00:00,2014-10-14 00:00:00,NA,LITERAL-PROPOSAL,obs_evt_023,span_0022,high,NA,Literal proposal observation compiled directly into analyst row.
penford,row_0021,literal,proposal,bidder_party_a,Party A,1,Party A,S,Uncertain,16,NA,NA,2014-10-14 00:00:00,2014-10-14 00:00:00,NA,LITERAL-PROPOSAL,obs_evt_024,span_0023|span_0024,high,NA,Literal proposal observation compiled directly into analyst row.
penford,row_0025,derived,drop,bidder_party_a,Party A,1,Party A,S,NA,NA,NA,NA,2014-10-14 00:00:00,2014-10-14 00:00:00,NA,EXIT-04,obs_evt_025,span_0025,high,reason:lost_to_winner,Execution outcome closed out remaining active bidders in favor of the winner.
penford,row_0026,derived,drop,bidder_party_c,Party C,1,Party C,S,NA,NA,NA,NA,2014-10-14 00:00:00,2014-10-14 00:00:00,NA,EXIT-04,obs_evt_025,span_0025,high,reason:lost_to_winner,Execution outcome closed out remaining active bidders in favor of the winner.
penford,row_0022,literal,executed,bidder_ingredion,Ingredion,1,Ingredion,S,NA,NA,NA,NA,2014-10-14 00:00:00,2014-10-14 00:00:00,NA,LITERAL-OUTCOME,obs_evt_025,span_0025,high,NA,Literal outcome observation compiled directly into analyst row.
penford,row_0023,literal,bid_press_release,bidder_ingredion,Ingredion,1,Ingredion,S,NA,NA,NA,NA,2014-10-15 00:00:00,2014-10-15 00:00:00,NA,LITERAL-PROCESS,obs_evt_026,span_0026,high,NA,Literal process observation compiled directly into analyst row.
petsmart-inc,row_0001,literal,ib_retention,advisor_jp_morgan,J.P. Morgan,1,J.P. Morgan,NA,NA,NA,NA,NA,2014-07-01 00:00:00,NA,NA,LITERAL-PROCESS,obs_evt_001,span_0004,high,NA,Literal process observation compiled directly into analyst row.
petsmart-inc,row_0002,literal,bidder_interest,bidder_industry_participant,Industry Participant,1,Industry Participant,S,NA,NA,NA,NA,2014-08-07 00:00:00,2014-08-07 00:00:00,NA,LITERAL-STATUS,obs_evt_002,span_0005,high,NA,Literal expressed-interest status compiled directly into analyst row.
petsmart-inc,row_0003,literal,target_sale,NA,NA,1,NA,NA,NA,NA,NA,NA,2014-08-13 00:00:00,2014-08-13 00:00:00,NA,LITERAL-PROCESS,obs_evt_003,span_0006,high,NA,Literal process observation compiled directly into analyst row.
petsmart-inc,row_0004,literal,sale_press_release,NA,NA,1,NA,NA,NA,NA,NA,NA,2014-08-19 00:00:00,2014-08-19 00:00:00,NA,LITERAL-PROCESS,obs_evt_004,span_0007,high,NA,Literal process observation compiled directly into analyst row.
petsmart-inc,row_0005,synthetic_anonymous,nda,bidder_financial_buyers_15,15 potentially interested financial buyers,15,15 potentially interested financial buyers,NA,NA,NA,NA,NA,2014-10-01 00:00:00,NA,NA,LITERAL-AGREEMENT,obs_evt_006,span_0008,high,NA,Literal agreement observation compiled into NDA-family analyst row.
petsmart-inc,row_0006,literal,proposal,bidder_buyer_group,Buyer Group,1,Buyer Group,F,Informal,NA,81,83,2014-10-30 00:00:00,2014-10-30 00:00:00,1,LITERAL-PROPOSAL,obs_evt_007,span_0009|span_0009,high,NA,Literal proposal observation compiled directly into analyst row.
petsmart-inc,row_0007,literal,proposal,bidder_2,Bidder 2,1,Bidder 2,F,Informal,78,NA,NA,2014-10-30 00:00:00,2014-10-30 00:00:00,1,LITERAL-PROPOSAL,obs_evt_008,span_0009|span_0009,high,NA,Literal proposal observation compiled directly into analyst row.
petsmart-inc,row_0008,literal,proposal,bidder_2,Bidder 2,1,Bidder 2,F,Informal,NA,81,84,2014-10-30 00:00:00,NA,1,LITERAL-PROPOSAL,obs_evt_009,span_0009|span_0009,high,NA,Literal proposal observation compiled directly into analyst row.
petsmart-inc,row_0017,derived,final_round_ann,NA,NA,1,NA,NA,Formal,NA,NA,NA,2014-11-03 00:00:00,2014-11-03 00:00:00,NA,ROUND-02,obs_evt_010,span_0001|span_0002|span_0002,high,NA,Solicitation requested LOIs/binding offers or carried formal attachments.
petsmart-inc,row_0009,literal,proposal,bidder_buyer_group,Buyer Group,1,Buyer Group,F,Informal,80.7,NA,NA,2014-12-10 00:00:00,2014-12-10 00:00:00,1,LITERAL-PROPOSAL,obs_evt_012,span_0010|span_0010,high,NA,Literal proposal observation compiled directly into analyst row.
petsmart-inc,row_0010,literal,proposal,bidder_2,Bidder 2,1,Bidder 2,F,Informal,80.35,NA,NA,2014-12-10 00:00:00,2014-12-10 00:00:00,1,LITERAL-PROPOSAL,obs_evt_013,span_0010|span_0010,high,NA,Literal proposal observation compiled directly into analyst row.
petsmart-inc,row_0011,synthetic_anonymous,proposal,bidder_3,two bidders working together as Bidder 3,2,two bidders working together as Bidder 3,NA,Informal,78,NA,NA,2014-12-10 00:00:00,2014-12-10 00:00:00,1,LITERAL-PROPOSAL,obs_evt_014,span_0010|span_0010,high,NA,Literal proposal observation compiled directly into analyst row.
petsmart-inc,row_0021,synthetic_anonymous,drop,bidder_3,two bidders working together as Bidder 3,2,two bidders working together as Bidder 3,NA,NA,NA,NA,NA,2014-12-10 00:00:00,2014-12-10 00:00:00,NA,EXIT-03,obs_evt_016_selected,span_0003,high,reason:not_invited,Selected-to-advance observation omitted an otherwise active subject.
petsmart-inc,row_0022,synthetic_anonymous,drop,bidder_financial_buyers_15,15 potentially interested financial buyers,15,15 potentially interested financial buyers,NA,NA,NA,NA,NA,2014-12-10 00:00:00,2014-12-10 00:00:00,NA,EXIT-03,obs_evt_016_selected,span_0003,high,reason:not_invited,Selected-to-advance observation omitted an otherwise active subject.
petsmart-inc,row_0018,derived,final_round,NA,NA,1,NA,NA,Formal,NA,NA,NA,2014-12-10 00:00:00,2014-12-10 00:00:00,NA,ROUND-02,obs_evt_010,span_0001|span_0002|span_0002,high,NA,Solicitation requested LOIs/binding offers or carried formal attachments.
petsmart-inc,row_0019,derived,final_round_ext_ann,NA,NA,1,NA,NA,Informal,NA,NA,NA,2014-12-10 00:00:00,2014-12-10 00:00:00,1,ROUND-02,obs_evt_016,span_0003,high,NA,Solicitation requested LOIs/binding offers or carried formal attachments.
petsmart-inc,row_0012,literal,proposal,bidder_2,Bidder 2,1,Bidder 2,F,Informal,81.5,NA,NA,2014-12-12 00:00:00,2014-12-12 00:00:00,1,LITERAL-PROPOSAL,obs_evt_018,span_0011|span_0012|span_0012,high,NA,Literal proposal observation compiled directly into analyst row.
petsmart-inc,row_0013,literal,proposal,bidder_buyer_group,Buyer Group,1,Buyer Group,F,Informal,82.5,NA,NA,2014-12-12 00:00:00,2014-12-12 00:00:00,1,LITERAL-PROPOSAL,obs_evt_019,span_0011,high,NA,Literal proposal observation compiled directly into analyst row.
petsmart-inc,row_0014,literal,proposal,bidder_buyer_group,Buyer Group,1,Buyer Group,F,Informal,83,NA,NA,2014-12-12 00:00:00,2014-12-12 00:00:00,1,LITERAL-PROPOSAL,obs_evt_020,span_0013|span_0012|span_0012,high,NA,Literal proposal observation compiled directly into analyst row.
petsmart-inc,row_0020,derived,final_round_ext,NA,NA,1,NA,NA,Informal,NA,NA,NA,2014-12-12 00:00:00,2014-12-12 00:00:00,1,ROUND-02,obs_evt_016,span_0003,high,NA,Solicitation requested LOIs/binding offers or carried formal attachments.
petsmart-inc,row_0016,literal,bid_press_release,bidder_buyer_group,Buyer Group,1,Buyer Group,F,NA,NA,NA,NA,2014-12-14 00:00:00,2014-12-14 00:00:00,NA,LITERAL-PROCESS,obs_evt_022,span_0014,high,NA,Literal process observation compiled directly into analyst row.
petsmart-inc,row_0015,literal,executed,target_board_petsmart,PetSmart Board of Directors,1,PetSmart Board of Directors,NA,NA,NA,NA,NA,2014-12-14 00:00:00,2014-12-14 00:00:00,NA,LITERAL-OUTCOME,obs_evt_021,span_0014,high,NA,Literal outcome observation compiled directly into analyst row.
providence-worcester,row_0001,literal,ib_retention,advisor_bmo_capital_markets,BMO Capital Markets Corp. / Greene Holcomb & Fisher LLC,1,BMO Capital Markets Corp. / Greene Holcomb & Fisher LLC,NA,NA,NA,NA,NA,2016-01-27 00:00:00,2016-01-27 00:00:00,NA,LITERAL-PROCESS,obs_evt_002,span_0003,high,NA,Literal process observation compiled directly into analyst row.
providence-worcester,row_0002,literal,target_sale,NA,NA,1,NA,NA,NA,NA,NA,NA,2016-03-14 00:00:00,2016-03-14 00:00:00,NA,LITERAL-PROCESS,obs_evt_003,span_0004|span_0005,high,NA,Literal process observation compiled directly into analyst row.
providence-worcester,row_0003,literal,nda,bidder_party_a,Party A,1,Party A,S,NA,NA,NA,NA,2016-04-22 00:00:00,2016-04-22 00:00:00,NA,LITERAL-AGREEMENT,obs_evt_004,span_0006,high,NA,Literal agreement observation compiled into NDA-family analyst row.
providence-worcester,row_0004,literal,nda,bidder_gw,G& W,1,G& W,S,NA,NA,NA,NA,2016-04-22 00:00:00,2016-04-22 00:00:00,NA,LITERAL-AGREEMENT,obs_evt_005,span_0006,high,NA,Literal agreement observation compiled into NDA-family analyst row.
providence-worcester,row_0005,literal,nda,bidder_party_b,Party B,1,Party B,S,NA,NA,NA,NA,2016-04-22 00:00:00,2016-04-22 00:00:00,NA,LITERAL-AGREEMENT,obs_evt_006,span_0006,high,NA,Literal agreement observation compiled into NDA-family analyst row.
providence-worcester,row_0022,derived,final_round_ann,NA,NA,1,NA,NA,Formal,NA,NA,NA,2016-06-15 00:00:00,NA,1,ROUND-02,obs_evt_008,span_0001,high,NA,Solicitation requested LOIs/binding offers or carried formal attachments.
providence-worcester,row_0006,literal,bidder_interest,bidder_party_c,Party C,1,Party C,S,NA,NA,NA,NA,2016-07-05 00:00:00,NA,NA,LITERAL-STATUS,obs_evt_009,span_0007,high,NA,Literal expressed-interest status compiled directly into analyst row.
providence-worcester,row_0007,literal,nda,bidder_party_c,Party C,1,Party C,S,NA,NA,NA,NA,2016-07-05 00:00:00,NA,NA,LITERAL-AGREEMENT,obs_evt_010,span_0007,high,NA,Literal agreement observation compiled into NDA-family analyst row.
providence-worcester,row_0008,literal,proposal,bidder_party_c,Party C,1,Party C,S,Formal,21,NA,NA,2016-07-12 00:00:00,2016-07-12 00:00:00,1,LITERAL-PROPOSAL,obs_evt_011,span_0008,high,NA,Literal proposal observation compiled directly into analyst row.
providence-worcester,row_0023,derived,final_round,NA,NA,1,NA,NA,Formal,NA,NA,NA,2016-07-20 00:00:00,2016-07-20 00:00:00,1,ROUND-02,obs_evt_008,span_0001,high,NA,Solicitation requested LOIs/binding offers or carried formal attachments.
providence-worcester,row_0009,literal,proposal,bidder_gw,G& W,1,G& W,S,Formal,21.15,NA,NA,2016-07-21 00:00:00,2016-07-21 00:00:00,1,LITERAL-PROPOSAL,obs_evt_013,span_0009|span_0001|span_0010,high,NA,Literal proposal observation compiled directly into analyst row.
providence-worcester,row_0010,literal,proposal,bidder_party_b,Party B,1,Party B,S,Formal,24,NA,NA,2016-07-25 00:00:00,NA,1,LITERAL-PROPOSAL,obs_evt_014,span_0011|span_0001|span_0010,high,NA,Literal proposal observation compiled directly into analyst row.
providence-worcester,row_0011,literal,proposal,bidder_party_e,Party E,1,Party E,S,Formal,21.26,NA,NA,2016-07-25 00:00:00,NA,1,LITERAL-PROPOSAL,obs_evt_015,span_0012|span_0001|span_0013,high,NA,Literal proposal observation compiled directly into analyst row.
providence-worcester,row_0012,literal,proposal,bidder_party_d,Party D,1,Party D,F,Formal,21,NA,NA,2016-07-25 00:00:00,NA,1,LITERAL-PROPOSAL,obs_evt_016,span_0014|span_0001|span_0010,high,NA,Literal proposal observation compiled directly into analyst row.
providence-worcester,row_0013,literal,proposal,bidder_party_c,Party C,1,Party C,S,Formal,19.3,NA,NA,2016-07-25 00:00:00,NA,1,LITERAL-PROPOSAL,obs_evt_017,span_0015|span_0001,high,NA,Literal proposal observation compiled directly into analyst row.
providence-worcester,row_0014,literal,proposal,bidder_party_f,Party F,1,Party F,S,Formal,19.2,NA,NA,2016-07-25 00:00:00,NA,1,LITERAL-PROPOSAL,obs_evt_018,span_0016|span_0001,high,NA,Literal proposal observation compiled directly into analyst row.
providence-worcester,row_0015,literal,proposal,bidder_party_d,Party D,1,Party D,F,Formal,24,NA,NA,2016-08-01 00:00:00,2016-08-01 00:00:00,1,LITERAL-PROPOSAL,obs_evt_020,span_0017|span_0001,high,NA,Literal proposal observation compiled directly into analyst row.
providence-worcester,row_0016,literal,proposal,bidder_party_e,Party E,1,Party E,S,Formal,23.81,NA,NA,2016-08-01 00:00:00,2016-08-01 00:00:00,1,LITERAL-PROPOSAL,obs_evt_021,span_0017|span_0018|span_0018|span_0001,high,NA,Literal proposal observation compiled directly into analyst row.
providence-worcester,row_0017,literal,proposal,bidder_party_f,Party F,1,Party F,S,Formal,23.81,NA,NA,2016-08-01 00:00:00,2016-08-01 00:00:00,1,LITERAL-PROPOSAL,obs_evt_021,span_0017|span_0018|span_0018|span_0001,high,NA,Literal proposal observation compiled directly into analyst row.
providence-worcester,row_0024,literal,drop,bidder_party_d,Party D,1,Party D,F,NA,NA,NA,NA,2016-08-02 00:00:00,2016-08-02 00:00:00,NA,EXIT-01,obs_evt_022,span_0019,high,NA,Literal status observation recorded bidder withdrawal or non-participation.
providence-worcester,row_0018,literal,proposal,bidder_gw,G& W,1,G& W,S,Formal,25,NA,NA,2016-08-12 00:00:00,2016-08-12 00:00:00,1,LITERAL-PROPOSAL,obs_evt_023,span_0020|span_0021,high,NA,Literal proposal observation compiled directly into analyst row.
providence-worcester,row_0019,literal,bid_press_release,NA,NA,1,NA,NA,NA,NA,NA,NA,2016-08-15 00:00:00,2016-08-15 00:00:00,NA,LITERAL-PROCESS,obs_evt_025,span_0023,high,NA,Literal process observation compiled directly into analyst row.
providence-worcester,row_0020,literal,bidder_interest,bidder_party_a,Party A,1,Party A,S,NA,NA,NA,NA,NA,NA,NA,LITERAL-STATUS,obs_evt_001,span_0002,high,NA,Literal expressed-interest status compiled directly into analyst row.
providence-worcester,row_0025,derived,drop,bidder_party_a,Party A,1,Party A,S,NA,NA,NA,NA,NA,NA,NA,EXIT-04,obs_evt_024,span_0022,high,reason:lost_to_winner,Execution outcome closed out remaining active bidders in favor of the winner.
providence-worcester,row_0026,derived,drop,bidder_party_b,Party B,1,Party B,S,NA,NA,NA,NA,NA,NA,NA,EXIT-04,obs_evt_024,span_0022,high,reason:lost_to_winner,Execution outcome closed out remaining active bidders in favor of the winner.
providence-worcester,row_0027,derived,drop,bidder_party_c,Party C,1,Party C,S,NA,NA,NA,NA,NA,NA,NA,EXIT-04,obs_evt_024,span_0022,high,reason:lost_to_winner,Execution outcome closed out remaining active bidders in favor of the winner.
providence-worcester,row_0028,derived,drop,bidder_party_e,Party E,1,Party E,S,NA,NA,NA,NA,NA,NA,NA,EXIT-04,obs_evt_024,span_0022,high,reason:lost_to_winner,Execution outcome closed out remaining active bidders in favor of the winner.
providence-worcester,row_0029,derived,drop,bidder_party_f,Party F,1,Party F,S,NA,NA,NA,NA,NA,NA,NA,EXIT-04,obs_evt_024,span_0022,high,reason:lost_to_winner,Execution outcome closed out remaining active bidders in favor of the winner.
providence-worcester,row_0021,literal,executed,bidder_gw,G& W,1,G& W,S,NA,NA,NA,NA,NA,NA,NA,LITERAL-OUTCOME,obs_evt_024,span_0022,high,NA,Literal outcome observation compiled directly into analyst row.
saks,row_0001,literal,bidder_interest,bidder_sponsor_a,Sponsor A,1,Sponsor A,F,NA,NA,NA,NA,2013-02-01 00:00:00,NA,NA,LITERAL-STATUS,obs_evt_001,span_0002,high,NA,Literal expressed-interest status compiled directly into analyst row.
saks,row_0002,literal,bidder_interest,bidder_hudsons_bay,Hudson's Bay,1,Hudson's Bay,NA,NA,NA,NA,NA,2013-04-01 00:00:00,2013-04-01 00:00:00,NA,LITERAL-STATUS,obs_evt_002,span_0003,high,NA,Literal expressed-interest status compiled directly into analyst row.
saks,row_0003,literal,proposal,bidder_hudsons_bay,Hudson's Bay,1,Hudson's Bay,NA,Formal,15,NA,NA,2013-04-15 00:00:00,2013-04-15 00:00:00,1,LITERAL-PROPOSAL,obs_evt_003,span_0004,high,NA,Literal proposal observation compiled directly into analyst row.
saks,row_0004,literal,proposal,bidder_sponsor_a,Sponsor A,1,Sponsor A,F,Formal,15,NA,NA,2013-04-15 00:00:00,2013-04-15 00:00:00,1,LITERAL-PROPOSAL,obs_evt_004,span_0004,high,NA,Literal proposal observation compiled directly into analyst row.
saks,row_0005,literal,nda,bidder_sponsor_a,Sponsor A,1,Sponsor A,F,NA,NA,NA,NA,2013-04-26 00:00:00,2013-04-26 00:00:00,NA,LITERAL-AGREEMENT,obs_evt_005,span_0005,high,NA,Literal agreement observation compiled into NDA-family analyst row.
saks,row_0006,literal,nda,bidder_sponsor_e,Sponsor E,1,Sponsor E,F,NA,NA,NA,NA,2013-04-26 00:00:00,2013-04-26 00:00:00,NA,LITERAL-AGREEMENT,obs_evt_006,span_0005,high,NA,Literal agreement observation compiled into NDA-family analyst row.
saks,row_0007,literal,nda,bidder_hudsons_bay,Hudson's Bay,1,Hudson's Bay,NA,NA,NA,NA,NA,2013-04-30 00:00:00,2013-04-30 00:00:00,NA,LITERAL-AGREEMENT,obs_evt_007,span_0006,high,NA,Literal agreement observation compiled into NDA-family analyst row.
saks,row_0008,literal,proposal,bidder_hudsons_bay,Hudson's Bay,1,Hudson's Bay,NA,Formal,NA,15,15.25,2013-06-03 00:00:00,2013-06-03 00:00:00,1,LITERAL-PROPOSAL,obs_evt_008,span_0007,high,NA,Literal proposal observation compiled directly into analyst row.
saks,row_0009,literal,proposal,bidder_sponsor_a,Sponsor A,1,Sponsor A,F,Formal,NA,15,16,2013-06-03 00:00:00,2013-06-03 00:00:00,1,LITERAL-PROPOSAL,obs_evt_009,span_0007,high,NA,Literal proposal observation compiled directly into analyst row.
saks,row_0010,literal,proposal,bidder_sponsor_e,Sponsor E,1,Sponsor E,F,Formal,NA,15,16,2013-06-03 00:00:00,2013-06-03 00:00:00,1,LITERAL-PROPOSAL,obs_evt_009,span_0007,high,NA,Literal proposal observation compiled directly into analyst row.
saks,row_0011,literal,target_sale,NA,NA,1,NA,NA,NA,NA,NA,NA,2013-06-05 00:00:00,2013-06-05 00:00:00,NA,LITERAL-PROCESS,obs_evt_010,span_0008,high,NA,Literal process observation compiled directly into analyst row.
saks,row_0012,literal,bidder_interest,bidder_company_f,Company F,1,Company F,S,NA,NA,NA,NA,2013-06-10 00:00:00,2013-06-10 00:00:00,NA,LITERAL-STATUS,obs_evt_011,span_0009,high,NA,Literal expressed-interest status compiled directly into analyst row.
saks,row_0013,literal,bidder_interest,bidder_sponsor_a,Sponsor A,1,Sponsor A,F,NA,NA,NA,NA,2013-06-10 00:00:00,2013-06-10 00:00:00,NA,LITERAL-STATUS,obs_evt_011,span_0009,high,NA,Literal expressed-interest status compiled directly into analyst row.
saks,row_0014,literal,bidder_interest,bidder_sponsor_e,Sponsor E,1,Sponsor E,F,NA,NA,NA,NA,2013-06-10 00:00:00,2013-06-10 00:00:00,NA,LITERAL-STATUS,obs_evt_011,span_0009,high,NA,Literal expressed-interest status compiled directly into analyst row.
saks,row_0024,derived,final_round_ann,NA,NA,1,NA,NA,Formal,NA,NA,NA,2013-07-02 00:00:00,2013-07-02 00:00:00,1,ROUND-02,obs_evt_012,span_0001,high,NA,Solicitation requested LOIs/binding offers or carried formal attachments.
saks,row_0015,literal,nda,bidder_sponsor_g,Sponsor G,1,Sponsor G,F,NA,NA,NA,NA,2013-07-08 00:00:00,2013-07-08 00:00:00,NA,LITERAL-AGREEMENT,obs_evt_013,span_0010,high,NA,Literal agreement observation compiled into NDA-family analyst row.
saks,row_0016,literal,proposal,bidder_hudsons_bay,Hudson's Bay,1,Hudson's Bay,NA,Formal,15.25,NA,NA,2013-07-11 00:00:00,2013-07-11 00:00:00,1,LITERAL-PROPOSAL,obs_evt_015,span_0011,high,NA,Literal proposal observation compiled directly into analyst row.
saks,row_0017,literal,proposal,bidder_sponsor_e,Sponsor E,1,Sponsor E,F,Formal,NA,14.5,15.5,2013-07-11 00:00:00,2013-07-11 00:00:00,1,LITERAL-PROPOSAL,obs_evt_016,span_0012,high,NA,Literal proposal observation compiled directly into analyst row.
saks,row_0018,literal,proposal,bidder_sponsor_g,Sponsor G,1,Sponsor G,F,Formal,NA,14.5,15.5,2013-07-11 00:00:00,2013-07-11 00:00:00,1,LITERAL-PROPOSAL,obs_evt_016,span_0012,high,NA,Literal proposal observation compiled directly into analyst row.
saks,row_0025,derived,final_round,NA,NA,1,NA,NA,Formal,NA,NA,NA,2013-07-11 00:00:00,2013-07-11 00:00:00,1,ROUND-02,obs_evt_012,span_0001,high,NA,Solicitation requested LOIs/binding offers or carried formal attachments.
saks,row_0019,literal,proposal,bidder_company_h,Company H,1,Company H,NA,Formal,NA,NA,NA,2013-07-21 00:00:00,2013-07-21 00:00:00,1,LITERAL-PROPOSAL,obs_evt_018,span_0014,high,NA,Literal proposal observation compiled directly into analyst row.
saks,row_0020,literal,proposal,bidder_hudsons_bay,Hudson's Bay,1,Hudson's Bay,NA,Formal,16,NA,NA,2013-07-24 00:00:00,2013-07-24 00:00:00,1,LITERAL-PROPOSAL,obs_evt_019,span_0015,high,NA,Literal proposal observation compiled directly into analyst row.
saks,row_0026,derived,drop,bidder_company_h,Company H,1,Company H,NA,NA,NA,NA,NA,2013-07-28 00:00:00,2013-07-28 00:00:00,NA,EXIT-04,obs_evt_020,span_0016,high,reason:lost_to_winner,Execution outcome closed out remaining active bidders in favor of the winner.
saks,row_0027,derived,drop,bidder_sponsor_a,Sponsor A,1,Sponsor A,F,NA,NA,NA,NA,2013-07-28 00:00:00,2013-07-28 00:00:00,NA,EXIT-04,obs_evt_020,span_0016,high,reason:lost_to_winner,Execution outcome closed out remaining active bidders in favor of the winner.
saks,row_0028,derived,drop,bidder_sponsor_e,Sponsor E,1,Sponsor E,F,NA,NA,NA,NA,2013-07-28 00:00:00,2013-07-28 00:00:00,NA,EXIT-04,obs_evt_020,span_0016,high,reason:lost_to_winner,Execution outcome closed out remaining active bidders in favor of the winner.
saks,row_0029,derived,drop,bidder_sponsor_g,Sponsor G,1,Sponsor G,F,NA,NA,NA,NA,2013-07-28 00:00:00,2013-07-28 00:00:00,NA,EXIT-04,obs_evt_020,span_0016,high,reason:lost_to_winner,Execution outcome closed out remaining active bidders in favor of the winner.
saks,row_0021,literal,executed,bidder_hudsons_bay,Hudson's Bay,1,Hudson's Bay,NA,NA,NA,NA,NA,2013-07-28 00:00:00,2013-07-28 00:00:00,NA,LITERAL-OUTCOME,obs_evt_020,span_0016,high,NA,Literal outcome observation compiled directly into analyst row.
saks,row_0022,literal,bid_press_release,bidder_hudsons_bay,Hudson's Bay,1,Hudson's Bay,NA,NA,NA,NA,NA,2013-07-29 00:00:00,2013-07-29 00:00:00,NA,LITERAL-PROCESS,obs_evt_021,span_0017,high,NA,Literal process observation compiled directly into analyst row.
saks,row_0023,literal,nda,bidder_company_i,Company I,1,Company I,NA,NA,NA,NA,NA,NA,NA,NA,LITERAL-AGREEMENT,obs_evt_022,span_0018|span_0019,high,NA,Literal agreement observation compiled into NDA-family analyst row.
saks,row_0030,literal,drop,bidder_sponsor_g,Sponsor G,1,Sponsor G,F,NA,NA,NA,NA,NA,NA,NA,EXIT-01,obs_evt_017,span_0013,high,NA,Literal status observation recorded bidder withdrawal or non-participation.
stec,row_0001,literal,bidder_interest,bidder_company_a,Company A,1,Company A,S,NA,NA,NA,NA,2012-11-14 00:00:00,2012-11-14 00:00:00,NA,LITERAL-STATUS,obs_evt_002,span_0004,high,NA,Literal expressed-interest status compiled directly into analyst row.
stec,row_0002,literal,activist_sale,activist_balch_hill,Balch Hill,1,Balch Hill,NA,NA,NA,NA,NA,2012-12-06 00:00:00,2012-12-06 00:00:00,NA,LITERAL-PROCESS,obs_evt_004,span_0005,high,NA,Literal process observation compiled directly into analyst row.
stec,row_0003,literal,bidder_interest,bidder_company_b,Company B,1,Company B,S,NA,NA,NA,NA,2013-02-13 00:00:00,2013-02-13 00:00:00,NA,LITERAL-STATUS,obs_evt_005,span_0006,high,NA,Literal expressed-interest status compiled directly into analyst row.
stec,row_0004,literal,target_sale,NA,NA,1,NA,NA,NA,NA,NA,NA,2013-03-26 00:00:00,2013-03-26 00:00:00,NA,LITERAL-PROCESS,obs_evt_006a,span_0008,high,NA,Literal process observation compiled directly into analyst row.
stec,row_0005,literal,ib_retention,advisor_bofa_merrill_lynch,BofA Merrill Lynch,1,BofA Merrill Lynch,NA,NA,NA,NA,NA,2013-03-28 00:00:00,2013-03-28 00:00:00,NA,LITERAL-PROCESS,obs_evt_007,span_0009,high,NA,Literal process observation compiled directly into analyst row.
stec,row_0006,literal,nda,bidder_company_e,Company E,1,Company E,S,NA,NA,NA,NA,2013-04-04 00:00:00,2013-04-04 00:00:00,NA,LITERAL-AGREEMENT,obs_evt_008,span_0010,high,NA,Literal agreement observation compiled into NDA-family analyst row.
stec,row_0007,literal,nda,bidder_company_d,Company D,1,Company D,S,NA,NA,NA,NA,2013-04-10 00:00:00,2013-04-10 00:00:00,NA,LITERAL-AGREEMENT,obs_evt_009,span_0010,high,NA,Literal agreement observation compiled into NDA-family analyst row.
stec,row_0008,literal,nda,bidder_company_f,Company F,1,Company F,S,NA,NA,NA,NA,2013-04-11 00:00:00,2013-04-11 00:00:00,NA,LITERAL-AGREEMENT,obs_evt_010,span_0011,high,NA,Literal agreement observation compiled into NDA-family analyst row.
stec,row_0009,literal,nda,bidder_company_g,Company G,1,Company G,S,NA,NA,NA,NA,2013-04-17 00:00:00,2013-04-17 00:00:00,NA,LITERAL-AGREEMENT,obs_evt_011,span_0012,high,NA,Literal agreement observation compiled into NDA-family analyst row.
stec,row_0010,literal,nda,bidder_wdc,WDC,1,WDC,S,NA,NA,NA,NA,2013-04-17 00:00:00,2013-04-17 00:00:00,NA,LITERAL-AGREEMENT,obs_evt_012,span_0013,high,NA,Literal agreement observation compiled into NDA-family analyst row.
stec,row_0011,literal,proposal,bidder_company_d,Company D,1,Company D,S,Informal,NA,5.6,NA,2013-04-23 00:00:00,2013-04-23 00:00:00,1,LITERAL-PROPOSAL,obs_evt_013,span_0014,high,NA,Literal proposal observation compiled directly into analyst row.
stec,row_0029,literal,drop,bidder_company_f,Company F,1,Company F,S,NA,NA,NA,NA,2013-04-24 00:00:00,2013-04-24 00:00:00,NA,EXIT-01,obs_evt_014,span_0015,high,NA,Literal status observation recorded bidder withdrawal or non-participation.
stec,row_0012,literal,bidder_interest,bidder_company_h,Company H,1,Company H,S,NA,NA,NA,NA,2013-05-01 00:00:00,2013-05-01 00:00:00,NA,LITERAL-STATUS,obs_evt_016,span_0017,high,NA,Literal expressed-interest status compiled directly into analyst row.
stec,row_0013,literal,proposal,bidder_wdc,WDC,1,WDC,S,Informal,NA,6.6,7.1,2013-05-03 00:00:00,2013-05-03 00:00:00,1,LITERAL-PROPOSAL,obs_evt_017,span_0018,high,NA,Literal proposal observation compiled directly into analyst row.
stec,row_0030,literal,drop,bidder_company_g,Company G,1,Company G,S,NA,NA,NA,NA,2013-05-03 00:00:00,2013-05-03 00:00:00,NA,EXIT-01,obs_evt_018,span_0019,high,NA,Literal status observation recorded bidder withdrawal or non-participation.
stec,row_0014,literal,nda,bidder_company_h,Company H,1,Company H,S,NA,NA,NA,NA,2013-05-08 00:00:00,2013-05-08 00:00:00,NA,LITERAL-AGREEMENT,obs_evt_019,span_0020,high,NA,Literal agreement observation compiled into NDA-family analyst row.
stec,row_0015,literal,proposal,bidder_company_d,Company D,1,Company D,S,Informal,5.75,NA,NA,2013-05-10 00:00:00,2013-05-10 00:00:00,1,LITERAL-PROPOSAL,obs_evt_020,span_0021,high,NA,Literal proposal observation compiled directly into analyst row.
stec,row_0016,literal,proposal,bidder_company_h,Company H,1,Company H,S,Informal,NA,5,5.75,2013-05-15 00:00:00,2013-05-15 00:00:00,1,LITERAL-PROPOSAL,obs_evt_021,span_0022,high,NA,Literal proposal observation compiled directly into analyst row.
stec,row_0031,derived,drop,bidder_company_e,Company E,1,Company E,S,NA,NA,NA,NA,2013-05-16 00:00:00,2013-05-16 00:00:00,NA,EXIT-03,obs_evt_022_selected,span_0001,high,reason:not_invited,Selected-to-advance observation omitted an otherwise active subject.
stec,row_0032,derived,drop,bidder_company_h,Company H,1,Company H,S,NA,NA,NA,NA,2013-05-16 00:00:00,2013-05-16 00:00:00,NA,EXIT-03,obs_evt_022_selected,span_0001,high,reason:not_invited,Selected-to-advance observation omitted an otherwise active subject.
stec,row_0025,derived,final_round_ann,NA,NA,1,NA,NA,Formal,NA,NA,NA,2013-05-16 00:00:00,2013-05-16 00:00:00,NA,ROUND-02,obs_evt_022,span_0001,high,NA,Solicitation requested LOIs/binding offers or carried formal attachments.
stec,row_0017,literal,proposal,bidder_wdc,WDC,1,WDC,S,Informal,9.15,NA,NA,2013-05-28 00:00:00,2013-05-28 00:00:00,1,LITERAL-PROPOSAL,obs_evt_024,span_0023|span_0024,high,NA,Literal proposal observation compiled directly into analyst row.
stec,row_0026,derived,final_round,NA,NA,1,NA,NA,Formal,NA,NA,NA,2013-05-28 00:00:00,2013-05-28 00:00:00,NA,ROUND-02,obs_evt_022,span_0001,high,NA,Solicitation requested LOIs/binding offers or carried formal attachments.
stec,row_0027,derived,final_round_ext_ann,NA,NA,1,NA,NA,Informal,NA,NA,NA,2013-05-29 00:00:00,2013-05-29 00:00:00,1,ROUND-02,obs_evt_025,span_0002,high,NA,Solicitation requested LOIs/binding offers or carried formal attachments.
stec,row_0018,literal,proposal,bidder_wdc,WDC,1,WDC,S,Informal,9.15,NA,NA,2013-05-30 00:00:00,2013-05-30 00:00:00,1,LITERAL-PROPOSAL,obs_evt_027,span_0025,high,NA,Literal proposal observation compiled directly into analyst row.
stec,row_0028,derived,final_round_ext,NA,NA,1,NA,NA,Informal,NA,NA,NA,2013-05-30 00:00:00,2013-05-30 00:00:00,1,ROUND-02,obs_evt_025,span_0002,high,NA,Solicitation requested LOIs/binding offers or carried formal attachments.
stec,row_0033,literal,drop,bidder_wdc,WDC,1,WDC,S,NA,NA,NA,NA,2013-05-31 00:00:00,2013-05-31 00:00:00,NA,EXIT-01,obs_evt_028,span_0026|span_0027,high,NA,Literal status observation recorded bidder withdrawal or non-participation.
stec,row_0034,literal,drop,bidder_company_d,Company D,1,Company D,S,NA,NA,NA,NA,2013-06-05 00:00:00,2013-06-05 00:00:00,NA,EXIT-01,obs_evt_029,span_0028,high,NA,Literal status observation recorded bidder withdrawal or non-participation.
stec,row_0019,literal,proposal,bidder_wdc,WDC,1,WDC,S,Informal,NA,6.6,7.1,2013-06-10 00:00:00,2013-06-10 00:00:00,1,LITERAL-PROPOSAL,obs_evt_030,span_0029,high,NA,Literal proposal observation compiled directly into analyst row.
stec,row_0020,literal,proposal,bidder_wdc,WDC,1,WDC,S,Informal,6.85,NA,NA,2013-06-14 00:00:00,2013-06-14 00:00:00,1,LITERAL-PROPOSAL,obs_evt_031,span_0030|span_0031,high,NA,Literal proposal observation compiled directly into analyst row.
stec,row_0035,derived,drop,bidder_company_h,Company H,1,Company H,S,NA,NA,NA,NA,2013-06-23 00:00:00,2013-06-23 00:00:00,NA,EXIT-04,obs_evt_032,span_0032,high,reason:lost_to_winner,Execution outcome closed out remaining active bidders in favor of the winner.
stec,row_0021,literal,executed,bidder_wdc,WDC,1,WDC,S,NA,NA,NA,NA,2013-06-23 00:00:00,2013-06-23 00:00:00,NA,LITERAL-OUTCOME,obs_evt_032,span_0032,high,NA,Literal outcome observation compiled directly into analyst row.
stec,row_0022,literal,bid_press_release,bidder_wdc,WDC,1,WDC,S,NA,NA,NA,NA,2013-06-24 00:00:00,2013-06-24 00:00:00,NA,LITERAL-PROCESS,obs_evt_033,span_0033,high,NA,Literal process observation compiled directly into analyst row.
stec,row_0023,literal,target_sale,NA,NA,1,NA,NA,NA,NA,NA,NA,NA,NA,NA,LITERAL-PROCESS,obs_evt_001,span_0003,high,NA,Literal process observation compiled directly into analyst row.
stec,row_0024,literal,bidder_interest,bidder_company_d,Company D,1,Company D,S,NA,NA,NA,NA,NA,NA,NA,LITERAL-STATUS,obs_evt_006,span_0007,high,NA,Literal expressed-interest status compiled directly into analyst row.
stec,row_0036,literal,drop,bidder_company_e,Company E,1,Company E,S,NA,NA,NA,NA,NA,NA,NA,EXIT-01,obs_evt_015,span_0016,high,NA,Literal status observation recorded bidder withdrawal or non-participation.
zep,row_0001,literal,target_sale,NA,NA,1,NA,NA,NA,NA,NA,NA,2013-07-01 00:00:00,2013-07-01 00:00:00,NA,LITERAL-PROCESS,obs_evt_001,span_0001,high,NA,Literal process observation compiled directly into analyst row.
zep,row_0002,literal,target_sale,NA,NA,1,NA,NA,NA,NA,NA,NA,2014-01-28 00:00:00,2014-01-28 00:00:00,NA,LITERAL-PROCESS,obs_evt_002,span_0002,high,NA,Literal process observation compiled directly into analyst row.
zep,row_0003,literal,ib_retention,advisor_bofa_merrill_lynch,BofA Merrill Lynch,1,BofA Merrill Lynch,NA,NA,NA,NA,NA,2014-01-28 00:00:00,2014-01-28 00:00:00,NA,LITERAL-PROCESS,obs_evt_003,span_0003,high,NA,Literal process observation compiled directly into analyst row.
zep,row_0004,literal,nda,bidder_new_mountain_capital,New Mountain Capital,1,New Mountain Capital,F,NA,NA,NA,NA,2014-03-19 00:00:00,2014-03-19 00:00:00,NA,LITERAL-AGREEMENT,obs_evt_004,span_0004,high,NA,Literal agreement observation compiled into NDA-family analyst row.
zep,row_0005,synthetic_anonymous,proposal,bidder_group_four_financial_buyers,four financial buyers,4,four financial buyers,NA,Uncertain,NA,20,22,2014-04-14 00:00:00,2014-04-14 00:00:00,NA,LITERAL-PROPOSAL,obs_evt_005,span_0005|span_0006,high,NA,Literal proposal observation compiled directly into analyst row.
zep,row_0006,synthetic_anonymous,proposal,bidder_group_one_strategic_buyer,one strategic buyer,1,one strategic buyer,NA,Uncertain,NA,20,22,2014-04-14 00:00:00,2014-04-14 00:00:00,NA,LITERAL-PROPOSAL,obs_evt_005,span_0005|span_0006,high,NA,Literal proposal observation compiled directly into analyst row.
zep,row_0007,literal,proposal,bidder_party_x,Party X,1,Party X,F,Uncertain,NA,21.5,23,2014-05-09 00:00:00,2014-05-09 00:00:00,NA,LITERAL-PROPOSAL,obs_evt_008,span_0008|span_0009,high,NA,Literal proposal observation compiled directly into analyst row.
zep,row_0019,literal,drop,bidder_party_x,Party X,1,Party X,F,NA,NA,NA,NA,2014-05-14 00:00:00,2014-05-14 00:00:00,NA,EXIT-01,obs_evt_009,span_0010,high,NA,Literal status observation recorded bidder withdrawal or non-participation.
zep,row_0008,literal,proposal,bidder_party_y,Party Y,1,Party Y,S,Uncertain,NA,19.5,20.5,2014-05-20 00:00:00,2014-05-20 00:00:00,NA,LITERAL-PROPOSAL,obs_evt_010,span_0011|span_0012,high,NA,Literal proposal observation compiled directly into analyst row.
zep,row_0009,literal,terminated,NA,NA,1,NA,NA,NA,NA,NA,NA,2014-06-26 00:00:00,2014-06-26 00:00:00,NA,LITERAL-OUTCOME,obs_evt_013,span_0013,high,NA,Literal outcome observation compiled directly into analyst row.
zep,row_0010,literal,bidder_interest,bidder_new_mountain_capital,New Mountain Capital,1,New Mountain Capital,F,NA,NA,NA,NA,2015-02-10 00:00:00,2015-02-10 00:00:00,NA,LITERAL-STATUS,obs_evt_014,span_0014,high,NA,Literal expressed-interest status compiled directly into analyst row.
zep,row_0011,literal,proposal,bidder_new_mountain_capital,New Mountain Capital,1,New Mountain Capital,F,Uncertain,19.25,NA,NA,2015-02-19 00:00:00,2015-02-19 00:00:00,NA,LITERAL-PROPOSAL,obs_evt_015,span_0015|span_0016,high,NA,Literal proposal observation compiled directly into analyst row.
zep,row_0013,literal,proposal,bidder_new_mountain_capital,New Mountain Capital,1,New Mountain Capital,F,Uncertain,20.05,NA,NA,2015-02-26 00:00:00,2015-02-26 00:00:00,NA,LITERAL-PROPOSAL,obs_evt_017,span_0018|span_0019,high,NA,Literal proposal observation compiled directly into analyst row.
zep,row_0012,literal,restarted,NA,NA,1,NA,NA,NA,NA,NA,NA,2015-02-26 00:00:00,2015-02-26 00:00:00,NA,LITERAL-OUTCOME,obs_evt_016,span_0017,high,NA,Literal outcome observation compiled directly into analyst row.
zep,row_0014,literal,proposal,bidder_new_mountain_capital,New Mountain Capital,1,New Mountain Capital,F,Uncertain,20.05,NA,NA,2015-03-13 00:00:00,2015-03-13 00:00:00,NA,LITERAL-PROPOSAL,obs_evt_018,span_0020,high,NA,Literal proposal observation compiled directly into analyst row.
zep,row_0015,literal,bid_press_release,bidder_new_mountain_capital,New Mountain Capital,1,New Mountain Capital,F,NA,NA,NA,NA,2015-04-08 00:00:00,2015-04-08 00:00:00,NA,LITERAL-PROCESS,obs_evt_020,span_0022,high,NA,Literal process observation compiled directly into analyst row.
zep,row_0016,literal,bidder_interest,bidder_party_x,Party X,1,Party X,F,NA,NA,NA,NA,NA,NA,NA,LITERAL-STATUS,obs_evt_006,span_0007,high,NA,Literal expressed-interest status compiled directly into analyst row.
zep,row_0017,literal,bidder_interest,bidder_party_y,Party Y,1,Party Y,S,NA,NA,NA,NA,NA,NA,NA,LITERAL-STATUS,obs_evt_007,span_0007,high,NA,Literal expressed-interest status compiled directly into analyst row.
zep,row_0018,literal,executed,bidder_new_mountain_capital,New Mountain Capital,1,New Mountain Capital,F,NA,NA,NA,NA,NA,NA,NA,LITERAL-OUTCOME,obs_evt_019,span_0021,high,NA,Literal outcome observation compiled directly into analyst row.
